"y","x1","x2","x3","x4","x5","x6","x7","x8","x9","x10","x11","x12","x13","x14","x15","x16","x17","x18","x19","x20"
6.29,1.37095844714667,-2.00092923773151,1.33491258537547,-0.248482933189933,0.688807752342063,2.32505849371513,-0.746516451736768,0.877294651826757,0.0293166527942015,-1.22133337042893,0.25057806717021,0.190339844032857,1.32750455958168,-0.241815887985519,-0.849531062880063,-0.685661664496834,-2.06452596044887,-0.106222654973173,-0.184349380412772,-0.00723908878469659
-1.719,-0.564698171396089,0.33377719743357,-0.869271763875442,0.422320385832393,0.725083017674864,0.524122181151092,0.0366061204319243,-1.77337143893369,1.93431433615124,-0.452985993615507,-0.277924049161014,-0.0717387693981193,-0.600835831817181,0.572136317124428,0.115138725174226,-0.79271446858291,0.67724922249105,-1.28708648621814,-0.263044660917602,-0.462310513259255
-1.139,0.363128411337339,1.17132512735879,0.0554869546651026,0.987653293639674,0.217380210939088,0.970733416408591,0.323309624203048,-0.0456873243111543,0.837510875177963,-0.702319931281128,-1.72473573426284,-0.00285171005059469,0.0565068582510194,0.705791797687352,-1.331337154012,-0.407004152261873,0.83638305791437,-0.908059860049952,-0.525646241251671,-0.724387535647471
-1.647,0.63286260496104,2.0595392422993,0.0490669131919192,0.835568172035023,-0.201656731618378,0.376973397152614,0.379676032401592,-0.394872253984139,-0.185346331084667,-0.674380385485126,-2.00670494385569,-1.10821896191248,-0.531076289581877,0.204899603994032,2.37445827173169,-1.14867061145898,0.122243876490421,-0.283935748679001,-0.67522749773812,-0.639016919876248
-0.486,0.404268323140999,-1.37686159824052,-0.578355728360897,-0.660521859045705,-1.36568986058868,-0.995933396542156,0.876556495795362,-0.128056266421018,0.533329177764386,-2.30302319048591,-1.29180833046846,0.935191767373595,-0.0808987843769502,0.552103380111652,-2.49583641731167,1.11576046554672,-0.788249637189588,0.266592458399183,-0.156788604665715,0.444142523918265
0.206,-0.106124516091484,-1.15085556562711,-0.998738655996004,1.56406949329184,-0.30893760867716,-0.597482913048045,0.933387987569637,1.09623773188662,1.78495624201476,-0.149332904782873,0.365838228483296,-1.48583945173733,0.160755586671381,-0.568871310357778,2.20367615406188,-0.879456778170003,0.633637015638911,1.22431930895728,0.969242741689339,-0.584054238178266
3.913,1.51152199743894,-0.705821394760121,-0.00243278000660164,-1.62297593529155,-0.452902886537227,0.165251423080152,-2.42880752268242,-1.2552178606199,0.189627819830131,0.948689589970129,-0.152203253908431,2.22854189842651,-0.102140564663634,0.192717755598882,0.571396927069173,1.27932293753161,-0.203293498180638,0.821525526825726,1.86326613150228,0.186265347755488
0.954,-0.0946590384130976,-1.05405578207719,0.655511882812969,0.863896373478988,0.663229144519792,-2.92847717857757,1.72799402342117,-0.265483694629895,-0.5690875121866,1.15636246052357,-0.734094090076209,1.6241352225378,-0.354749969786071,0.621347221610975,-0.583745237218935,-1.45427725484716,1.77577501258599,-1.24776679226202,1.01885748883875,-0.300342713730724
7.297,2.01842371387704,-0.645743723142491,1.47684227897655,-0.5116027734362,1.3086295367487,-0.847914226578549,0.456002646277211,2.55330249004026,1.45189294457212,2.07435248589762,-0.781972056981591,0.519764625253335,-0.471227347093368,-0.10721561163254,0.274860357622418,0.84222876919352,0.503354149677886,0.601275013858363,0.0456918216264974,0.159700413754183
-0.363,-0.062714099052421,-0.185377967676503,-1.90915278827921,-1.9173650254454,0.501040309894498,0.798584512223446,-0.570360345745652,-1.47830630595052,1.86899345256532,0.265289970321459,0.551567034812709,-1.352028636762,0.0340441773616117,-0.124075919558077,-0.0482891959610158,-0.603215007812732,1.85994569369779,-0.908752216129051,-1.20179167247776,1.01999508545972
2.419,1.30486965422349,-1.20122205073999,-0.702439473312409,-1.86581384861995,-1.12828853519737,-0.298455987965219,-1.11462440217797,-0.626587568230723,-0.984554893737541,-1.05200382914047,-1.61084098443007,0.426123827628841,-0.200721207356766,-0.465021846854624,2.25246864177724,0.131555027342539,-0.609493045570301,0.900344887747296,0.909354155230945,0.798351878707584
2.962,2.28664539270111,2.03697216698315,-0.311430218011919,0.245179063439689,1.67099730539817,-0.283611376945371,0.905064265563895,-0.0410520223413907,0.718756763904366,0.50234223621863,0.748176433090443,-1.66318758520667,-0.544448628769274,0.573407762486937,2.20798222218406,0.764444556679586,1.15305532248777,-0.953871513946094,1.46195822050016,-0.044090271581282
-2.201,-1.38886070111234,0.107774744885547,-1.66315703066738,2.22353430190807,1.01035303245212,0.869519306648764,0.328096015484134,0.199953219832439,0.129347296958262,1.09984502312187,0.449296011237588,-0.269943621830999,0.377362269645537,0.254936081717929,0.766845014645972,-0.917135166591924,0.969349157258382,-1.24089171441291,-0.184626753951705,-0.992193431605077
-0.462,-0.278788766817371,-0.0841081005055806,-0.75053344179229,0.273376064144465,0.223521215874458,-0.544355284698977,1.07808996004782,-0.533305600527376,0.701641308893363,1.88650483041417,-0.870062520443655,0.790790959773878,0.403728160580446,2.67214420120392,-0.284191743792878,0.23739451514297,0.637303157074265,0.0815500958017237,-0.190168268382486,0.575852522768862
-2.801,-0.133321336393658,0.495619641604594,-0.777351759181508,1.13078479452828,-2.20648459320962,0.628803235377603,-0.060315553702501,-0.266032317684011,0.526697831887448,0.811253500689395,-0.0977479313579405,0.840608638772999,0.170236937543032,-0.134495017662124,0.151645292541353,-0.0446890666120593,1.77216769250851,-0.813076911449766,1.24329480266288,0.135781237800526
0.834,0.635950398070074,0.0374151861179653,-0.722569699859602,0.838669374060099,-0.954585618553158,-1.42233445794539,-0.243518761963125,1.08414781411867,-0.0205130989546023,1.41824380879396,0.893100213716266,0.0329694848504644,-1.10107992122072,0.111574061825906,-0.781106086643039,-1.11855030356248,1.17831056462201,1.06478465880181,0.18558749818315,-1.01208196057172
-2.257,-0.284252921416072,-0.13208803695591,-2.18883459914707,-0.654615277878206,-0.0685730672102366,-1.22751263333428,2.24142256068828,-0.180745479625044,0.438251047306971,0.439169901702954,1.35091509526625,-0.238163753848546,0.402469699291095,-1.01000268728493,-0.957398363247324,0.576705022824006,1.10070263616134,-1.04901921849595,2.27102227928726,1.00402316383581
-5.813,-2.65645542090478,1.4767874235521,0.213418550286554,0.953960978479396,0.76130590156527,-1.67410551574443,-2.03599297085583,0.251555319378233,-1.21052856570154,-1.2775016086011,1.4889703943085,0.263552286150818,0.425816177210946,0.887879801316048,-0.30434111795109,-2.30174221004384,1.37694807585475,0.516009325167413,-0.0515549198891902,0.876095886998526
-4.391,-2.44046692857552,-0.217030210092104,-0.631922936254832,0.352951465489323,-1.17990419995829,0.0843984822448787,0.390914465082838,0.369542235154893,-1.4044199438289,-0.861373205211443,0.371067212847268,-1.59178517406521,-0.283128718862383,-0.307217559138982,1.5308786534036,1.54401138418949,-0.717265373449893,0.985746984418363,-1.61554882919585,-0.692968115760895
7.022,1.32011334573019,-1.28360220409223,1.52049119383216,0.206599292649613,3.21119895676729,-0.2061256639704,0.384813342899653,0.407034259389767,0.720749157209312,1.88698587497109,-0.214473243512569,-0.376235068846935,0.553632072115556,0.133164992636376,-0.478305936644692,1.19632123896946,0.688512737577945,-0.35165697798206,1.05795583994723,2.68180948338679
-5.633,-0.306638594078475,0.385667890443402,0.795955949415082,1.00111323431025,-2.55382485095083,1.44187164028206,0.438695599541397,0.492505019245782,0.0860355032767252,0.704087313182904,0.455494589939145,1.81252714991038,1.26435623247709,0.945326369680402,0.275964288525917,-0.201676879864589,1.26810145678412,0.451749228471749,0.361894756181958,-3.13899312896842
-4.91,-1.78130843398,-0.351512873529092,-1.4535295651328,0.747451991640276,-0.235933949334065,-0.0417821033853644,0.55814090204657,0.0546325790523077,-0.13161704140846,-0.66772052533203,-0.258111110256068,-1.73809968261789,0.327802463194629,1.52568672984904,1.29277985593516,-0.432271579852631,-1.87208877844442,-0.593572178730932,-0.265876705750517,0.645956605503056
-1.734,-0.171917355759621,-0.521796093356269,0.0983954210058388,-0.626574836723139,-0.259562643261435,1.35375447776378,-0.276406382977446,-0.708674076161911,-1.67605197893984,-0.705714342057153,-1.00292375210412,1.62911115074531,0.765106373309395,-0.247450568194144,0.424010706580774,0.346948643890299,1.24808294812689,-1.13649526825212,-1.25578140173536,-0.480610133856287
3.677,1.2146746991726,-1.06813120068717,-0.593770984233154,0.395223685936714,-0.663366916619193,1.94522527592283,1.16628807898223,-0.0582707524435477,-0.569497990768113,-0.920718579914376,0.844143482797941,0.528105441488507,1.28257345881025,-0.35660370110431,0.527765253770584,-0.485377933779251,-1.07730040944452,-2.33497178127181,0.87648416717228,0.192807393685871
3.463,1.89519346126497,0.428365903266692,0.888281168634515,-0.892167954045577,-0.318990710826149,-0.490938233708141,-2.45427723493739,-0.963421822237506,0.192205150896545,0.148473291996029,0.694658775896635,-0.360444186597554,1.65888693382934,0.207968407569953,-0.653829982143573,-0.195306080234756,-1.47416956665685,-0.926597259630885,0.592634666890485,-1.04925616100414
1.616,-0.4304691316062,-0.174018234426995,0.0530704154986665,0.630818410091773,0.742395157572315,0.388439074944612,-0.805566259454567,0.0933932966058741,-0.486322920752822,-0.250017361132774,1.2610037476473,2.23761689061182,-0.480729813134911,1.20925334744545,0.121675552673985,0.229797411715838,-0.102761252843793,0.395171601492927,0.271525680875784,-0.24585186926655
-1.839,-0.25726938276893,0.515667728648029,-0.557023625844656,-0.432705183284567,-0.874292675785773,-0.84489325918598,-0.119144550620025,-0.347901133459108,0.0812840129938752,-0.941768954111299,1.66655928933767,-0.0401996174749625,-0.407834514587087,0.116558887074206,-0.986863054729454,-0.0946537580368488,-1.71486614730381,0.0741714005493914,1.55327347117647,-0.613729291010653
-4.334,-1.76316308519478,-0.234365277305921,0.43839703617272,0.452138644218517,-2.08281376630328,0.73799036787109,0.163216234138794,-0.118334438145549,0.384897246784297,1.21419901863892,1.47185793808934,1.894125331564,-0.328918791729082,0.192066193440929,-0.755594462248607,1.71019954048516,-0.774401637213465,-1.05649333360304,-1.06380687634054,0.497692038896738
1.445,0.460097354831271,-0.658503425821771,0.152608158642419,0.367999045196345,0.0937679028102175,-1.07976033128386,0.406479507762917,-1.09909095717492,-0.137501971038181,0.018566433000226,0.78931570508443,0.024804649937664,1.10107658785062,0.786616109492444,-1.16098995844004,-0.335749000921179,0.847553967889695,-0.0775545035183967,0.206822497346744,0.456841757760867
-4.15,-0.639994875960119,1.25023660407872,-0.164617581749564,-0.270387489661909,-0.00181981200279561,-1.02647387624363,0.639339995644309,-0.283076412422231,0.427593109239094,0.757831699457548,-0.0364542711833432,0.553425403100445,0.581717960782718,0.739840689710885,-0.442801523619572,-0.875324824335344,0.0832352366570336,-2.41603024212657,-0.248933255655566,0.730374039844885
1.573,0.455450123241219,-0.271763715111397,2.01989062147597,0.465512617712979,-0.013100652371574,0.288793361578875,-1.50851763737235,-1.08973467284561,-0.243064448539363,-0.380062699996006,-0.0912832766425019,-0.574350945442218,0.957779202757363,1.08669203144834,0.334947784039575,-1.13255449171348,1.28508496858323,0.809519878482719,0.515388673918764,0.399518813185011
0.993,0.704837337228819,0.947951995875196,-0.529385886317261,0.574356225626969,0.667968074558104,0.0908113192871749,0.00767060439702689,-0.405665544099862,-0.318352827853891,0.174948713347219,-0.412862939041902,-0.928337006439504,0.301421804337359,-1.95280729969486,-0.10065856814523,-0.56602063273169,0.276044917953572,-0.869749853294244,0.442785820060402,-0.0861377871174699
1.786,1.03510352196992,-1.20158243010894,-0.470786972984042,-0.230699990157411,-0.0131677029521626,0.262623176711222,0.524168022000385,0.526907259597763,-0.254106393508011,1.03352330902476,-0.781061198320081,-2.00042544129482,-0.288461063573085,-1.18242682652454,-0.975536842960497,-0.974384403128723,-1.71114274542409,-0.125077441843527,-0.117116618623996,-0.0963810493728022
1.195,-0.608926375407211,-0.466116096375502,-1.54593692401752,1.17224250830245,0.776047030476303,0.0693349127912537,1.32633587157079,0.240419981775496,0.638887430163066,0.675723995432471,-0.390092785411881,-0.622068696299165,-1.45615158789359,-1.18067847791903,-0.973216625621073,0.945082340846264,-1.14955002154367,0.411151618784541,-1.49784147274197,1.86373382233984
-1.21,0.50495512329797,-0.26935139515318,-0.0405267232951771,1.39270270673312,-2.01073533263526,-0.528643818856825,-0.113567734432564,0.898362457249366,0.821065383166085,0.94128124291257,0.613837622009258,0.727145566485242,-1.70465154066219,0.376981101876066,-1.34078652646553,0.247741105300021,0.159786319641181,-0.850435305046767,0.0472006059695206,0.851283491078538
-4.088,-1.71700867907334,-0.390965408130861,0.890356305470676,-0.661991255709585,-1.1281804949718,-0.130202164518766,1.59914947839686,0.487968126935476,2.33547908658196,-1.82663007251395,0.384677020333242,-1.10218330324535,2.01122119129553,-1.35679104068327,0.414102402054408,-0.104674620432457,-0.427212686915226,1.4665510712084,1.4802578676094,-0.0592854618366041
-4.257,-0.784459008379496,1.34870701199171,-2.07138785092921,-0.777369206725014,0.34879957158572,1.62015874435582,-0.281528098928179,0.111991365197539,-0.983307557611062,0.177204381296563,-1.20565664981837,-1.15946277085336,0.00396133245276825,-0.22860827167565,0.274162429825081,0.0277616799037131,0.907002203909007,0.306878543209711,-1.96455496249316,1.50066953016993
-1.384,-0.850907594176518,-0.0227647012984126,-0.250065120073019,0.51353857890878,-0.352898482096924,-0.0178951233234706,-0.0498981389105064,0.998313347136219,-0.707457440006258,-0.191807861947269,1.19785122001404,-0.43890563975272,0.558221906568822,0.423256564904682,-1.41396295051925,-0.907276482340544,0.150898962830839,0.429680832800053,-0.538555626716068,0.451022941536234
-4.621,-2.41420764994663,0.24422585110345,-1.18165042665332,-0.913312238041272,0.944774597917623,-1.31848939894929,0.160214127321124,1.19171680875342,0.644149101349918,-0.650198710009829,1.29114126665685,0.159134206763553,0.694493685600807,1.94090825966462,-1.68193057318907,2.3509337520258,-1.10952726348854,0.810377064747989,0.502786592851959,-0.0995630325040558
-0.94,0.0361226068922556,-0.942371707863923,1.44193726501691,-0.449423805250301,-1.00471985252646,-0.844560160581277,-0.502380562405328,-1.39938756712371,1.63766532994621,-0.560696341260001,1.48307160252052,-0.49460068553302,1.44632123678831,-0.241019348067338,-0.0700861139491127,0.808769724481045,-0.548808731139672,0.921172911124199,-1.09331277445394,-1.02102751463047
2.519,0.205998600200254,-0.729217276509574,1.35789553887886,0.802932699103618,0.723902732496846,-1.10181487249111,0.715938048776189,0.892147736646772,1.22664817466431,1.67576579329994,-1.22359523581159,1.21236784558103,0.633468743359524,-0.0209705719304921,-0.460309029288299,0.784140418846701,1.01878845500043,0.544807883194691,-1.02602611043194,0.346607005280016
-4.536,-0.361057298548666,0.998068908554848,0.33450284734065,-0.573476850981104,-0.668832740990364,-0.900090143007498,-1.34578730316321,0.777958970340806,-0.467705618330812,0.430534600439241,-0.41317463437103,0.292632425911828,0.0263703369604992,0.235647056296984,-1.20714570347743,0.170236490795333,-0.945412080328207,2.36959502355302,-1.01203614366599,0.517299926175581
-1.675,0.758163235699517,1.25848166459556,1.42933808040023,-1.92812516784833,-1.1130401937158,-1.26108391982248,-0.0056435653021491,0.941914516346951,-0.678231063737989,-0.144606620357246,-0.409580866212294,-0.0360424610323628,0.742875516154548,-0.595344815613527,1.0404412181286,0.159197651530768,-1.50031585307676,-0.603094261358911,-0.782634176957744,-0.639980910158429
-3.65,-0.726704827076575,1.2488636888101,-0.867317850878684,0.664390833822148,-0.342805189366945,-2.6258489024829,-0.540542549739533,-0.908802712301102,1.69640227133044,0.939025712144101,-0.451164718262206,-1.10261610256618,0.347303392127326,-3.19955843375579,-0.0662050121858745,0.678018100413371,0.565164063059173,1.56083962675,0.359562812057244,-0.998203710977064
2.086,-1.36828104441929,-1.38063704952533,0.950651724971886,-1.60254022379425,0.0497793231687396,0.669065749190573,-0.547073740849682,2.40893084447621,1.54284685008907,-0.545496749523291,-0.564698951728143,-0.935640286949069,-0.628654925909305,1.5112784716271,-0.0198577785368134,0.434371999584651,0.182738767924744,-1.35383614798257,1.99862021891536,-1.32931604978871
-2.926,0.432818025888717,2.04996069363639,-0.585011508633235,-1.35460025745385,-1.22768196152554,0.660041509230777,1.15144538704443,-2.59425017430808,0.214527592060943,0.138850363215646,-0.560010334496702,0.460837326820304,0.958491926298926,-0.343587003482767,0.615556223378135,0.780554430230763,-0.796728081908326,-0.508004601076342,0.55393480042535,-0.873582293537821
-5.185,-0.811393176186672,1.01687282979954,0.320957522525629,-3.0179326794179,-0.764005910827448,-0.25060043539111,1.05221968194591,0.00686303751409396,1.70068829575232,1.44686231335255,-0.970558066992205,-0.332363462610624,0.164441350143759,-0.716929115298069,0.420382969919601,-0.444567758454349,-0.0461864850495287,-0.478311132418979,-0.808303348930514,1.07104687470886
2.059,1.44410126172125,-0.0267174641382579,-0.299396016664908,0.831237822230063,-1.24618206161788,-0.723797316953819,1.59802652870266,0.118106668928336,-0.00798682964789259,-0.332628086150536,-0.56282354617343,1.10616326882244,-0.034705900963032,0.287909147297481,-0.327954877427185,1.2715164118455,0.15362674483473,-0.898170282231573,-0.557018477813349,0.468129482172467
-1,-0.431446202613345,0.703607778798261,-0.278543083293069,0.251097088847344,1.01677397775977,-0.812181632329413,-0.263796793108459,-0.14969732641009,-0.817900364802769,-0.799156272263214,-0.332036443298219,-1.63369360485113,-0.920743815374439,-0.617472756244325,-1.1344563021002,-1.47339222749877,-0.766624414368414,0.108274523745864,-1.08560353078744,-0.927321793089823
3.713,0.655647883402207,-0.971385229151864,0.546115158329532,0.462293465941329,0.723612624058863,0.398734336018413,0.0324007875469165,0.747873287863168,-0.0506101702835437,-0.548292745132407,0.193650109749296,0.335192800595372,1.14805514963721,0.920167406912455,1.18226830511672,1.82601047314349,0.364753332338701,0.649879562609338,-0.71979401765733,-1.5818156716694
-0.36,0.321925265203947,-1.09615624155886,-1.30382115364487,0.844792223223237,-1.03252713710511,0.226563573879377,-1.55158330768591,0.12403480689883,0.0799210865490335,-1.05079620451942,0.605642856272221,-0.524657444990143,-0.389880110029636,-0.454100665235518,-1.7107858033122,-0.0821605442182188,-0.693518969658329,-0.820473392742007,-0.692566843267432,-2.78399210945974
0.597,-0.783838940880375,0.0490504509375971,-0.25091446504246,-0.0419715243215621,0.557346004122758,0.421643579753211,-0.388179430024523,-0.778054747212651,-1.55957109789405,0.252662491033329,0.957873599425007,1.46337107530221,-0.0992632632773881,0.855761324504685,1.3794490444046,0.207066157170724,-0.343156152059392,0.359761528557581,1.4135047045491,-0.936595221275909
5.252,1.57572751979198,-1.19849585655778,0.17100737371791,-1.10557590570003,-0.255581423099522,0.00483794372409907,1.76414812218013,1.41003330549222,-0.171497956746292,0.327861853995298,-0.800818438984397,0.427178041986581,-0.0279660623672148,-0.233542837588828,-0.541005329157528,-0.0581589957425658,0.742849337934101,0.633324928437982,0.640962189123194,0.477875031833748
-0.489,0.642899305717316,0.190018998559748,-0.403467478747509,0.563775652330874,-1.11339175714667,0.618983915096519,-0.41652772756372,-0.293911808229858,-0.418607092832335,0.855672400490503,0.0425486556052422,-1.02512982017635,-0.0569888848706201,-0.978371478897954,2.07546679173333,-0.843052009454205,-0.285537707961138,0.0978159188655356,-1.7175207063165,-1.19529144352291
-3.373,0.0897606465996057,1.29770589960467,0.104659440835727,1.30336475581967,0.421197439614804,0.431133944485928,-1.16633868878939,0.610678645005375,0.491286818033161,1.80176227162749,2.33570086201341,-1.30805832132281,0.555659016748442,0.737215963533884,-0.20476050301274,-0.466487279539017,-1.66988367567976,-0.801183755949992,0.82618859480234,0.305301660949113
2.179,0.276550747291463,-1.03387372296475,-0.318880786734009,-1.50022093779466,-0.322950311846374,0.558312370187223,0.0418945661851059,-0.666510079863262,-0.53122843123103,1.40524081174873,-0.461867455821985,0.229601886628634,0.901923838993518,2.44160362468046,-0.551416985520336,1.51644902909499,-0.264390041455333,-1.10229315336733,1.28077530846579,1.73266163127779
1.95,0.679288816055271,-0.738440754213064,1.61834393588343,-0.606989235119036,0.880179901191522,0.495961280672009,1.24648913025954,-1.0598828782705,0.482220117734896,-1.25079179413567,0.740429906040657,-0.307021277811913,0.536623088234037,-0.992492651489919,0.0411968667731968,2.07396139462956,-1.69995439627627,-0.851657012572341,-0.231344204570623,-2.16316306849597
-1.267,0.0898328865790817,0.0465639394508634,0.714188601488617,-0.292245065656577,-0.194863606775901,1.66188574094578,-1.57797130420835,-0.605838699162315,0.536291040049325,1.99910885447275,-0.698344660682268,-0.0838330995421848,-1.47118613826484,-0.440736144505333,1.3170476310258,-1.05674676492714,-0.526832813660561,0.519418173048002,1.35882748116687,-0.119819499989917
-2.729,-2.99309008315293,-1.01759611982611,2.96586536983324,-1.2896833433236,1.18805498210378,-1.0550346122045,-0.253820471789102,-1.05684142085412,-0.279324207858902,0.139278487592147,1.06536890145562,-0.165731840611065,-2.40935940826857,-1.16938753229774,-1.80965020341038,0.355248794893353,-0.637015796844457,1.78231561329573,0.341239054522143,-0.975527419817999
1.37,0.284882953530659,-0.383283959886278,-0.795077604559211,0.694105848774699,-0.509764511767954,1.50832468678,0.467830542050614,0.53310647267496,-0.0435072647005839,-0.386669103439724,0.545516821338762,0.655012558663501,-0.365017377779538,1.59198798945038,-0.307988794620669,-0.537626676315252,3.17451978428008,-0.600027010216181,0.642236181244163,0.957784463175755
-2.203,-0.367234642740975,0.872755411671398,0.814365914679913,-0.599181902897119,0.219548010873294,-0.334208656655074,1.97752999445585,-1.55209261464742,2.38151529195951,1.85563569044348,-0.918209320243205,-1.07483472817753,-0.181268484634166,0.127274716720975,0.294561194585387,0.0903163658583597,0.491205589873476,1.47202881872208,-0.321210717862453,0.00494753450098241
-2.356,0.185230564865609,0.969545013970117,2.09803081013037,1.25690664397164,0.370294421364558,-0.0649807438184409,-0.615605794843624,-0.978489465308578,1.54803111335561,0.42885538447628,1.02519134367607,3.4709096034659,-0.149062942660811,-2.32709865557149,0.147770817116647,0.348538284602587,0.44201615873174,-1.03754711208436,1.44019566135034,0.354204596046414
-1.487,0.581823727365507,0.383846665027094,0.30098005515257,0.053508013627363,0.279108393730607,0.0810815387134028,1.51942160121109,0.0272183551599775,1.55476199852898,1.73079013958977,1.12573840290613,0.294080892384017,-1.39271469385941,-2.19677491732732,0.115951531975112,-0.517518995099845,0.2001981832427,-0.571449343788699,0.0537341212031113,0.176206004043117
4.379,1.39973682729268,-1.85155566306746,-1.08307514183923,0.728092517671852,0.201942437313324,-0.448214795538841,-0.43289519356181,-1.71557231699709,0.058111230113913,-0.0435236741393199,0.882800384998406,-0.536373846346391,-0.679359244378277,0.939165264428458,-0.32333184856328,0.287301302415267,-0.529195211918201,-0.0767891104349022,-0.269713563078948,0.230682050535359
-2.083,-0.727292059474465,-0.0539967368261657,-1.00632250180328,1.56109806821061,-0.0129965424313442,-2.55380695026597,-1.03101770806171,-0.504888026492709,-0.839778915527164,-0.73108580813751,-2.76807861085069,-0.144773495445704,-1.81911796861397,0.299162155572667,-1.14036672389761,1.66807499684583,-2.67716885487045,-0.429972380474222,0.466756268777527,0.329397305970626
-0.057,1.30254263204414,1.06477321433828,-0.035414564917612,0.26562475359719,-0.0908650060774901,-0.312932535119014,-1.13433449832271,-0.304922680917571,0.571123448655483,-1.96596407622063,0.143826578856264,0.542130527840553,2.63898221848215,-1.98992669349438,2.86131949086317,-1.08093672458647,1.8127119312971,0.178345151589542,-0.11071137212952,-0.97239308578563
1.138,0.335848119752074,0.813195037411605,1.30912436085341,1.07672625920727,1.36503136531884,0.0413831520402976,-0.221098125377531,1.34607823542665,0.0660477825630555,1.12686531518852,1.5198831251518,0.634175193192409,0.546608278218245,-1.20413480040692,-1.45138694483397,-0.397851104622374,-0.516250386678411,0.834921341167059,-0.25606542122908,1.28169363205409
2.452,1.03850609869762,-0.190816474104282,0.750400486646719,0.210697931679245,0.908130568883166,-1.73772806133762,-0.0224146989039466,-0.257536690796696,3.58465949292999,-0.888084388434115,-0.171316078021067,-1.77485606890494,-0.00615393892940771,0.398345738001552,0.983744020219985,0.297208816443405,-0.862041813735341,1.0466507568352,0.726092190740559,1.52914308593026
5.754,0.920728568290646,-2.6999298085637,-2.13836832761242,-1.51167352582237,-0.609888171401906,0.54993965969838,-0.32290182802397,-0.523287300658334,-1.93189555365127,0.871359260391992,-0.658144999317951,-2.06613588468656,-1.8901394678583,0.0447565860236231,-1.10784132708532,0.37342905926644,-0.629968970094094,0.762496037757118,-0.200982022267937,-0.150879530345409
3.942,0.720878162866862,0.0609666388011166,-0.700354108866634,0.022402259913625,1.39643722121945,-0.597273692593322,1.05222315972554,-0.663217798972631,-0.202832504245977,0.119893566616341,-0.154294602086388,-0.0899069094632118,-0.266783371165174,-1.8661608131691,-1.99889265684803,0.0675844815430184,1.0749624618669,-1.50551867529972,-0.422671961211497,-0.181568669642687
-3.248,-1.04311893856785,0.573751697483578,-0.00905647529298544,0.718136206042103,0.144798373308446,1.44774180603655,0.189541165695199,0.447221039692659,1.48371520427311,0.472434944803404,-2.3830393163367,0.836802178058687,0.820431010197318,0.752522837991073,0.15072249695782,0.346634030494695,0.745689854002288,-0.590709411561947,-0.542169755678539,-1.84093919530514
-2.243,-0.0901863866107067,0.0458035797250989,-1.45813348724477,0.48945701784227,-0.640606771595302,0.264868114264259,-0.105827608865873,-0.319450981926009,-2.09851640016451,1.26663990982006,-1.1382970912816,0.166240833093532,0.778193540049604,-0.425684374542395,2.10896809219341,-0.164571372800586,1.32158580355189,-0.353384418087923,-1.39017790544112,0.16519261489522
-0.004,0.623518161999544,0.157412540175875,0.694529646494869,-0.17388834587827,0.169802259558534,-0.788782807782472,-0.602554472532716,-0.543778849936917,-0.25964866605676,-0.485316378946902,-0.0872555328125386,1.02552557344612,0.454092023522563,1.24417031633511,0.629190672836399,0.189982806585771,0.279469141307329,0.69327791161614,1.60713541056557,-2.25342167258279
-1.951,-0.953523357772344,0.431565372868771,-2.46133547518649,-1.2176994886684,-0.157187487420844,0.167732220671529,-1.29601593126204,-0.279673442488512,0.334067935887184,-0.461533586184343,0.835326720644202,0.403188458132936,1.41005217305168,0.450349279282091,-1.63764554215991,-0.0686986351389328,-0.115006245548185,-1.56587278497252,-0.652838190922449,-0.203377537798555
-1.947,-0.542828814573857,-0.396549736050212,0.143289764040456,0.646398368709462,0.100939594546104,0.25758310820126,-1.95932663870655,1.06523260036693,-0.21963759163322,-0.231758337278765,0.212110868191506,0.4115921198628,-1.81106410509648,1.18280748259793,-0.658475714017313,0.916450207694266,-0.250234587572854,-0.677897326851043,-0.380368509294336,-1.48901267982703
-0.174,0.580996497681682,1.30997822575155,-0.391222119127056,-0.91645602834789,-0.97339415414828,0.912047367450309,0.21341173052117,1.56782874914562,-0.931771803289107,1.06035377243819,0.641346301404555,1.68018682802245,-1.10245174108699,-1.96397811110401,-0.750308265911284,0.710549614762121,-1.55717429972123,0.665215998411031,0.0867430365496318,-0.805923131593089
0.29,0.768178737834591,0.470393399873943,-0.491164085614075,-1.25182344242557,-0.819825275253199,-0.156872382554867,0.0253358701112366,-0.643112078958536,-0.122240218296576,-0.474785704501272,-1.0321009677859,-1.06210757323509,-0.0191678713168816,0.746612868701424,-1.14513189552459,-0.0190896861258043,0.25959546534259,0.95524504180699,-0.649057964312564,-0.163240061919337
5.113,0.463767588540167,-1.2426702705746,-0.283647452452051,0.594927718405501,1.36291896902543,-2.03337570844709,1.36502318785994,0.0205217485106878,1.33852842346176,-0.175510280957714,1.4857706537531,-0.791235649678155,0.149303719680044,1.05132374710196,1.0276132769215,1.31312687307811,-0.337374377540247,0.291004470673687,-2.01649070787307,0.525835784591219
-3.62,-0.885776297409679,1.38157545638553,0.314794804707843,-1.23281066518983,0.961370930531278,-1.29966582307858,0.291093808244857,-0.324184458375485,-1.34833119004437,0.796324499089145,1.19047624727791,0.388512274160985,-0.532431870264935,0.524171085063729,2.47804042183143,0.170386155804506,-0.382965170050938,1.68452398458178,0.448577388746643,1.40240703340828
-5.531,-1.09978089864786,1.20445893700982,0.396326577938989,0.244364414906138,-0.883724474401114,-0.857250659929035,0.79721770112609,1.85739602217537,1.41483572450998,0.77874531585307,0.617226731476436,0.253998499450374,1.19784612620355,-1.11558427972451,-1.4533163643196,0.578816605533788,1.05269226069953,-2.41416486207894,0.523388159192163,-0.426245303013057
1.336,1.51270700980493,0.824073963681881,-0.22560371103596,0.00277218534359506,-0.900092115436322,0.426265294536191,0.0409863743756614,0.590763995069064,0.914048945514682,0.796802566246094,-0.172938324465871,-2.18716829258598,-2.0425957688947,-0.04776622165316,0.822264445361829,0.227904874997665,1.21121347353879,0.229897633620541,-0.246122239665679,-0.212596795069938
4.544,0.257921437532031,-1.66262940218559,-1.92495043034056,-1.32820968602556,1.72333313279683,-0.284836263084754,-0.818324049625889,-1.7806267173964,-1.23668791849331,0.0490515728363375,0.861580440756975,0.537800433283471,-1.01431086481328,-1.91702894207942,-1.06644799364953,-0.612459865597317,2.45369487222183,-0.0680445791345913,-0.544545707183516,-0.230817019099012
3.528,0.0884402291595864,-0.569306343605481,-1.43922929832198,1.17969641183277,1.90904216212893,-0.614368541969862,0.289640643164427,-0.434108699575314,-1.50076035467463,0.762612934834823,-0.620085924544441,-1.28988641170683,1.60391822138318,-0.571730237839681,1.09430673251488,0.734030133030624,0.464927336754254,-1.00173505397238,-0.803683014742773,-0.492154208159477
-2.16,-0.120896537539089,0.635513817289526,-1.4696577739724,-0.592804999148929,-0.777141195855263,-0.844890832157483,0.339787111301115,-2.29274971170602,0.0345386838965327,0.285993069636396,-0.878213047268405,-1.22554397015877,0.892350034157026,-0.748196633636421,0.220596182329357,-1.85050186253115,-0.0948498082529971,-0.560015463091365,1.95447105047381,-0.307399420096093
-3.94,-1.19432889516053,0.0437220075778579,0.761863446891932,1.19997831633667,-1.30230526261311,0.153694957218872,-0.817392730763433,-0.0929652384515409,0.286299645402692,-0.632815038152827,-2.22859514687621,1.72711355277575,-1.51770556163796,0.345178956409604,-0.283239590537479,-0.968544839770566,-0.908331474152175,0.240568027183605,-0.296887442895346,0.713397005310362
5.086,0.611996898040387,0.348012303661307,-0.24361498187128,-0.475033679612135,2.62349516681868,-0.851432275778188,-0.0287493152280801,0.70396445332971,1.18620809384561,1.8043844808011,0.193263225267502,1.1603578032903,0.823528276152144,2.16395110444013,0.710050753433561,0.62762646905029,-0.0333366032934899,1.21394151451887,-0.035404687210021,1.75659582364803
-3.402,-0.217139845746521,2.45959354887041,0.269676607418008,-0.575057096150816,0.229628914346807,-0.397921072942885,2.00078165111199,-0.894489621256767,-0.037549371842548,-1.86301097301425,-2.31265671694031,-0.74816158375162,0.365562248008499,0.336646342204412,2.21047686646211,1.24027762938144,1.72059724640604,0.252358485164026,0.107189714468554,1.56873629399177
-1.278,-0.182756706331922,-0.818380324399669,-1.55892752095582,-0.031226024608499,0.186749892141885,-0.939977226280953,-1.12926606328462,-1.28250679207462,0.420371593973559,0.845528381213056,-0.0243337921357311,1.66667232493041,-1.33092166830989,-0.41786398353582,1.41206657562142,-1.5069030571303,-0.236251623660883,0.652414104692385,-0.230620531545034,-0.114376060875312
5.83,0.93334632857116,-2.11320011492914,-0.535588006696314,-0.358056995978456,0.0761366349502805,-1.38825374141942,1.47217859206972,1.25578417415048,1.28924648234277,0.341667682894606,0.441340589239052,-0.529697424571316,0.3595761544677,0.923691020706285,-0.196598080152223,1.18259689371289,1.70869864132557,-0.928892644960027,2.39007004059566,0.585612246214135
1.956,0.821773110508249,0.273695272430415,0.562451973173495,-0.356601077647731,1.40486018632133,0.955184588863398,-0.227068916484902,-0.964629979588376,1.17068918509962,0.0227776061434687,0.789576753769568,1.02864835063927,0.892994609988693,0.766766592335207,0.75538456981956,-1.33418855936283,-0.222756799545589,-0.444693950906624,-0.0116323437326994,-0.583870739389275
3.663,1.39211637593427,-0.687596841243412,-0.178326123419918,-0.877664383433726,-0.191722235336317,-1.31749547003238,1.48231059624201,0.907783881064091,0.826093654084712,-0.611399988446644,1.02181962668272,1.3767179910649,-0.995098995899314,0.248748147903931,-1.09410087019746,-0.596320294015713,0.21033018312288,-0.0393421854237676,-1.08905940665858,-1.50778289137984
1.191,-0.476173923054674,0.446041052961866,-0.115135986202651,-1.21289712517796,1.45939216415609,0.0730291461596218,-0.843053174487288,0.214073613669174,0.323917065090484,-0.260526772474753,0.615261159537096,1.33100295826265,0.51967192258579,-0.657218034949707,0.430180024146149,-1.32949216503638,2.48092038385889,0.143080057160209,0.313769183171077,0.518631721220592
3.99,0.650348560726305,-0.812384723790597,-0.0720614721063666,0.613286618687034,-0.220655451134541,-0.56818584856837,-0.0661953274558979,0.881023122748974,0.380950411454549,1.80567031464304,-0.859577856168591,1.25465594943585,-1.23573344828329,0.583124169133963,0.960549711583255,-0.182113418617215,0.0271648423874321,0.529199978876831,1.09572140336201,0.367644068718127
-2.008,1.39111045639,2.21205548033514,1.2109098069263,-0.806203341462477,0.50514588627314,-1.05845066878383,0.311233498357864,1.00254499828277,1.20261958279329,-0.0969992670036506,0.890748976368977,-0.287334553809268,0.529726874322073,0.690682867666824,0.459059522904321,0.0491385446373278,-1.45270517345354,-0.185558488318001,-1.01889460165192,1.59744004592723
-4.595,-1.1107888794479,-0.12370597157743,-0.614896900799703,-1.3764569299089,-1.03349700607288,0.259313538417069,-0.112590228303414,1.13991050456775,1.10220575073214,-0.384486699785057,0.0632747474874033,-0.546735518159085,-0.983041720955936,0.291864679995948,-0.596455394517824,0.412076431613412,-0.673642807416947,0.766675058621243,1.67087514103806,-0.173505779423678
-0.397,-0.860792586877842,-0.477335506030052,0.676126458314701,-0.507847899163547,0.17047347145922,0.373134504519161,0.658738838942645,1.23603585230776,-0.0615149399791465,-0.878362142505014,-1.86466105555997,1.253927471065,-0.375745484254249,1.92307416746338,-0.0450862072387442,-0.422353546385099,-1.05691633473035,0.264323015982099,0.275183470718412,-1.71396796503711
-1.457,-1.13173868085377,-0.166261491486608,0.898599605537552,-0.800935486737338,1.20066816089193,1.26466676928415,-0.16686150010949,0.295401510142675,0.364589913995779,-0.495578521936918,-0.1131368509232,-0.0717229189590111,-1.04173538449989,2.30612974849875,-0.581518594777576,-0.0196536597344667,0.0898368491080017,-1.3558222763288,-0.181866399727406,0.284856517472213
-4.852,-1.4592139995024,0.862563383626431,-1.18931790352102,-2.19278568567007,-0.163405914765736,0.325224996068265,1.20887346516015,0.171761023605458,1.69255229998577,-0.0842924535744518,-1.78338637587516,-0.682436621264268,0.697667357430169,-0.98919526784311,0.442863237126202,0.303016425333838,-0.572289502826511,0.359071548321692,0.867355430722069,-1.51545966092347
2.526,0.0799825532411612,0.0973404852028189,0.121258849819009,-0.290937149267675,1.28247586312264,-0.138467319508306,0.170419433884223,-0.955389282695438,1.47136701247198,-1.35772206705499,-1.05349044072366,-1.02499645828567,-0.144448803419361,0.401427408509758,-0.310230689543812,-0.972422343455087,0.378039438656651,-1.70825283944633,-1.40279690623594,-1.11722842504756
6.01,0.65320433964919,-1.62561673921129,-0.0112216861304115,0.167174121160518,2.72719638791127,2.6024688972798,0.692419636244747,-1.21040912105673,-0.977247661344119,1.14269781676707,-0.619354677304664,1.30157781471653,0.498543397139294,-1.23238817325492,-0.222829768082489,-0.701155053616588,1.62382151287374,-0.635928277355224,1.48230141230567,-0.462236253258946
2.184,1.20096537559849,-0.0046207678264578,1.02914071931376,0.294692356485688,0.941924217330924,-0.650284428487915,-1.18554693655878,-0.601382997836582,1.44820167458194,0.0978270374471885,-0.586938576519139,0.758060825406684,0.617336709876794,-0.544689343472721,-0.632586792692066,1.37843190060709,-0.976293562011762,0.290433348159067,-0.591796068662362,-0.450398744367244
0.4,1.04475108716773,0.760242167662055,0.914774867719613,0.392741265420726,-0.248614037279559,-1.00318322831336,-0.658389290697043,-0.135816136579885,-0.0858556605918652,1.46502102859676,0.926975731943589,1.4796143353762,-0.00454114147551432,-0.434532959022116,1.06719019915197,-2.95313731358376,-1.0083744977457,-1.30379423270979,-0.885001753474386,-1.37722783470441
-1.198,-1.00320864683985,0.0389909128725626,-0.00245626667956324,-1.00084371300082,0.0964788597064851,-0.535113912874478,1.08950794879155,-0.987272784920511,-1.57376980165346,0.990435852724289,-0.0654058453375009,-0.619562406414632,-0.0912563600897754,-0.140845191963231,0.337395921464703,0.955836563019408,-0.256399512370766,-0.114100599327674,-0.527436558659494,1.04859151359238
2.401,1.84848190167275,0.735072141614441,0.136009552413727,-0.325727119823434,-0.433930941301739,-0.110414566776788,0.508785941160661,0.831925014618268,1.29247615946669,1.41438675072227,-0.937111758775164,0.259687227256229,0.399959374815336,1.75814127006527,-0.953645663654521,1.06003423492052,0.882816739912026,-0.092962085023748,0.0310374052801759,0.30555621676614
1.819,-0.666773408757817,-0.14647262699887,-0.720153544943125,-1.00834880542884,2.17866786745157,0.600430169313573,-0.135906625600424,-0.795059516415481,0.084467755567716,-1.33589776931334,-0.633859433761416,-1.08652092497737,0.588901656549108,-0.830141420577255,0.251173574136911,1.35096056599856,0.376027123503681,-0.122560626447375,-0.946515483343574,-0.918748616451352
-4.43,0.105513812456069,-0.0578873353812826,-0.198124330051216,-0.635431482033766,-2.95877961913012,0.415845059598682,-0.108782736956893,0.340464612015827,0.967045996480089,0.579583638393261,-0.575224286015068,0.086223563193975,-0.0168780393868136,0.514427756122244,-0.548148703547833,-0.401555741178659,0.104450888453636,-0.883310771318462,-2.49897029524684,-0.845222587052554
-1.371,-0.422255881868856,0.482369466104533,-1.02920880604827,-1.20984068798734,0.0808882391991137,-0.105750646676992,0.754900160454641,0.870429820346914,1.93911299421702,-0.361821214298648,0.188221041759335,-0.846202449052606,0.418704182088633,0.787131076627757,0.103236017603065,0.839986980187328,1.57174942774957,0.600169469401305,0.145711531004003,-1.22732567518176
-0.932,-0.122350171954971,0.992943636775734,-0.966955895852616,-1.11646380065269,0.110137804617221,-0.856562538246121,-0.223811321619966,-1.18216100524638,1.07987263816564,-0.046852449651786,0.539655974462932,0.388905864370388,0.800727964524838,0.242015513717525,1.86601650513967,0.215439257728434,-0.268640998188145,0.717134365632955,0.858703393437413,0.351529308690375
3.837,0.188193034501498,-1.24639549803204,-1.22081308891909,0.629881162575935,0.213448326312653,1.12732733432216,0.0749551709399243,1.02289397573496,-0.353593526833153,-0.599477471411771,-0.420884069657012,-0.0376358153463912,0.679893103827864,0.559916806561637,-1.04099380528512,-0.637977201958245,1.84852188608278,-0.390874782474331,-0.209938282882933,0.880826582309925
-4.005,0.119160957997006,-0.0334875248456097,0.836207703944837,-0.272521570178626,-1.55781961263232,0.916281621448453,-1.64595480215,-2.10843457624333,-0.134923124718565,0.215104493222833,-0.339466559977085,1.44560164892583,1.30966392253954,-0.650418509012264,0.219983787127424,0.552847982050689,-1.51059647026223,0.427892517086193,0.398824020925648,-0.453966879586077
-0.51,-0.0250925508674029,-0.0709621812499963,1.1149717984954,-0.258841168378671,0.216211546257758,-0.724379592724361,1.77400936515502,0.229762637699325,-0.987132433307501,0.093631485479041,0.518080388363255,0.317224482102685,-1.89121447886908,-0.458392616404943,-1.42379490646875,0.370350824990752,0.281061228694041,-0.837105234296302,0.761127736197585,1.01804620900246
2.35,0.108072727942033,-0.75892065373095,-0.412944852927091,1.72955817989149,0.18766381702644,0.686779087574742,0.765967915976575,1.51171079155376,-0.821708146060393,-2.11983441513135,-0.869387621013225,-0.40398049081909,0.344907334668953,-0.680486321714024,0.616017410030352,-0.389023767532155,0.90429346532004,0.0225598675334932,-0.965406631821685,-0.319211879877217
2.363,-0.485435235846668,-1.03435936093915,-1.12897739800683,-0.0583921654073717,1.2586221252136,0.450085791644612,0.832287843010755,0.555437989150677,0.489530922514731,0.852443088824704,-0.160670914154826,-1.74023733047524,0.154762656644616,-2.19243732797149,-1.44156317991408,-0.460092848631245,1.13865742762799,0.760060847485706,1.70425351971367,0.258135510658443
0.817,-0.504217130687904,-0.630731953970819,-0.0879313317770513,-0.537063784608919,0.523517780908964,1.04522160610504,-1.90545752247312,0.914878801249372,-0.299277458909478,0.15437457231326,-0.142616786605041,-0.452821278920118,-0.766441731925565,0.625987094854832,-1.70176482285391,-0.26588619338727,-1.45233814369233,0.245713332088109,-0.81581184165478,1.1163642663612
-4.692,-1.66109907991481,0.586807720012995,2.24190369331262,0.74728669616574,1.11545427747996,0.14962903443744,-0.0208366761944145,-0.553396624279516,0.658254898574355,-0.971861640205416,-0.765210967844204,-0.586087506559595,-0.752915043322023,-0.415461682891878,0.557212957800765,0.501441363321569,-0.626353321542115,0.14139134685168,0.0505031847282846,-0.77210829956962
-1.42,-0.382333726873818,-0.416322656183652,2.04131317075049,-0.487257835389733,-0.95750224217047,-1.14106715320069,-0.408933912448218,0.298376089510017,0.832409549670791,-1.10142783592314,-0.659800571317015,1.14791904431639,0.524270675654365,-0.17630383376965,-0.750511117127875,-0.0523528269896142,-1.93207557597691,1.3405773256748,1.81833471172887,0.11259430625395
-2.134,-0.5126502578778,-0.784887809505321,-1.71980033672145,1.3729077814795,-0.124405579855432,0.802499402419657,-1.3763863065768,1.10637953965214,0.363463261222694,-0.690244888297098,-0.307405440413442,0.457363259644693,-0.355425297900245,0.665259163558917,-1.97093294572214,-1.35217134346927,-0.239061590311605,-0.749105637416039,0.233738106743284,0.531562239371635
5.369,2.7018910003448,0.163416319486097,-0.356906656122387,-0.377672360646221,0.191737829049968,-0.728716530969446,0.727430374393256,-1.32914958483242,-0.398645658616952,-1.58363492221125,-0.881927450206018,-0.587806362058572,-0.260266497121109,0.0498835161725022,-1.32446345093933,0.308578530105713,-0.500271500433461,0.776584537569481,-0.0287897691741464,-0.422902650617128
-1.59,-1.36211623118972,-1.23671423510935,1.53328049216229,-0.616152614118394,0.272217250603347,0.527209285728481,1.23413078123709,1.00169412888602,-1.4979299895057,0.137766066513836,-0.0953451587484263,0.227914940694947,0.507208110031767,-0.111450292883659,1.07553289349939,-0.366996403813651,0.987471730369109,0.228181606829711,-1.13535799444069,0.148623992007772
-3.428,0.137256218558607,1.04587377623667,-0.0382440966102368,-1.16812505107469,-0.693814463673255,1.67347877221231,-0.553224405877467,-1.40930387375741,0.114628175272466,1.50234395496283,-1.27596937307411,0.134147741846246,1.14320521055163,-0.529151371898205,0.175835094185016,0.760815256528283,0.415421227242454,-0.736400489379546,-1.15737781092832,0.399286308762999
-0.612,-1.49362506731629,-0.484595416218709,1.59741324232643,0.328640358591086,1.47917192085213,-1.41882802027083,-0.229190177928735,-0.498781024681268,-1.03781661733663,0.192881587148273,0.375584983964806,0.329327772114258,2.0668175182942,1.61586225377977,0.207924799285704,-1.20877829147781,-0.29611631915228,-0.0704274811359867,-0.547340906138225,1.18545205531744
-2.012,-1.4704357414368,0.189128811680665,-0.333585393309883,1.46651062744016,-0.611767021642771,1.56191080116889,1.71146198892227,2.62275685248845,0.645978871261567,0.527154734523825,-0.469230372596356,-0.297512213642794,0.769866343085377,0.139510593333388,0.8932027658822,-1.90855673202378,1.36222173924555,-0.376126589747127,-0.433572715922771,0.919095331882198
-3.026,0.124702386197007,0.0510063315749732,0.604985923915378,-0.356009545088913,-1.61430997435935,1.35316100891808,-1.64980790329701,0.510665566028528,0.772845400058577,-1.48320629120238,0.79893320361921,1.18498797306452,2.00199794550677,0.119583697425689,0.198609916658263,-0.497749386024871,-0.144296461718731,0.663223068581971,1.66248593383382,-0.394769701294296
-2.464,-0.996639134884037,-0.000240668886441977,0.224241239250251,0.261467641877431,0.402490110590671,-0.528696776691558,0.744220785437819,-0.0908431942191986,0.316014158120416,-1.53920072330941,0.426288199258715,1.30953538662527,1.27162090872777,0.979865755338673,-3.18128256470893,-0.637044510630347,1.31572787554448,0.410695883940059,-0.563130851439488,0.609240909110271
-2.249,-0.0018226143047082,1.80938204244287,3.22906949548006,0.333328855175731,0.664555447289484,-0.251272775479278,-0.314021323980916,0.978765679210879,-1.03811282479823,-0.896432886914323,-0.512132013193506,-1.17045526511543,0.333520245850298,0.379384347932197,0.0196831947042364,0.676231932030489,0.666610766445118,-1.83184901351771,-1.14555224504636,1.552754323222
0.619,-0.428258881425815,-0.825327957109945,0.92045256677252,1.42219324030954,0.944127070994937,-0.685847686292498,-0.115310841404454,-0.243808656888315,-0.755137290088854,0.721069979748221,-0.347515536975732,0.996118866300114,0.254072676090529,-0.880212619427024,-1.39417140470677,-1.869411030258,0.661363775992788,1.64842382136271,0.70929132488924,-0.628994863204225
-4.935,-0.613671606449495,1.14547045222799,-1.20653906921592,0.663876600666173,-0.946260797708288,-0.570367652254122,-0.61097434277214,0.621808959213633,-0.491504309692582,-0.884501944686544,0.609392746386973,-0.746997016690059,1.93091427212792,-0.406452972046551,-0.933235885173988,-1.06855248625586,0.906720372580947,-2.1329179344463,0.160234692884093,1.41924953870264
-3.735,-2.02467784541911,0.0315731875532431,-0.603881169163268,-1.07365515569531,-0.248288449238896,0.579631381546157,1.09669537901904,-0.344595219846322,0.147225745107845,0.558598525708553,0.735464318036699,0.221867656465582,-1.012929867412,-0.777125159688669,-1.62904088146867,-0.126005415934356,-0.620599459294388,0.687006166808365,0.113352593811487,-1.37066534309718
-3.532,-1.22474795035999,-0.83520580530672,0.370235284622062,-0.69690177466674,-1.32843646853908,-0.898959005252115,-1.12716761108376,-2.35522454584149,2.35650304328533,-0.218737504846289,0.476708560673323,1.0009452311825,0.0644444403932075,-1.68350202776482,0.369097639109454,-0.736284418428665,-1.41157628682664,-0.748761646665192,1.49521350608348,-0.897031020178635
1.145,0.179516441117938,-0.0687636490165125,-1.90100064667961,-0.746130456934561,0.844763742098917,-0.190329887912783,0.962609492438297,0.472387633353643,-0.920668767105904,0.383623482386597,0.328285766781953,0.494143258559294,0.192373891357855,-0.166982560101955,2.28565638502981,-0.191241809184488,0.810244286891991,1.06911275932534,1.02323662606114,0.137112823194629
1.343,0.567620594423535,0.746771687012467,-1.80440994496324,0.141572872132219,0.347696732438648,-0.143903377346461,1.40646401623189,-0.511480194786914,-2.15684778320885,-1.03912011024684,-1.78126747525362,-0.00844441753463621,-2.34002446260473,0.593948229116086,0.486544869581778,-1.1983002633847,-1.30099800324336,0.396829329884725,1.17446162052015,-1.70437576028005
0.928,-0.492877353553475,-0.425518734394604,-1.12182260635522,-0.00394722073065307,0.913762586431107,-0.0965726512875554,-1.6416495088997,-0.573602199756116,-0.120400049561303,-0.948992248570827,0.119396421345399,0.0961369855328748,-0.351765901032242,-0.518159140749171,1.93215222070259,-0.824254618506077,-0.903611801788592,1.38535325921297,-0.244503756930785,0.320308058794637
0.161,6.28840653511241e-05,-0.772082235193457,-0.34792960655914,0.367937501091765,0.608274553380681,0.181446715722357,-1.12690419254923,0.00379720372860315,-0.839244329563709,-0.104160953983452,-1.41829537201652,2.25070523918321,0.346590938682391,0.44119836360764,-0.232129022732062,-0.919532671174568,-0.218743464648836,-0.178080118436893,-0.166932131005799,-2.13104361809747
2.72,1.12288964337997,0.152764106747895,1.23890214863198,-0.657342914697247,-0.607547987804487,1.59657420918631,0.591545480502423,1.34255092952781,-2.17243990871478,-0.208711102723908,0.076034377653877,1.4366346913565,-2.82894105870644,0.755600865049457,-0.537445056633885,-1.7438683437219,0.564587997180924,-2.42988067251115,-0.0841155041461892,-0.742451433401934
2.116,1.43985574297619,0.988596845178799,-0.274197564852279,-0.376346670161052,0.179658070871844,-0.451331739893457,-0.956309119505936,0.295461511559413,-0.874307976154287,-1.78873019525217,-0.660833242210851,0.0104077495384871,0.367872703584524,-0.112960860177346,0.786101903375548,0.383037424261768,0.609256391771582,-0.232011957059107,-0.826498278320729,-0.951941765720054
-3.774,-1.09711376840582,-0.073458334672174,0.162380715558193,0.741360060425085,-1.90840941941738,-0.794880224800819,-0.691529886346393,0.841786943605435,-0.373579348902497,0.537084421086505,-0.105506046058469,-0.320791891518128,-0.285484066118437,-0.47462538771123,-1.25237291022481,-0.541069423262346,-1.83602086878766,0.105937161925274,-1.18949684486068,0.9339879197246
2.219,-0.117319560250177,-1.38702655355974,-0.0646069097530627,-0.0996067564484702,0.502946257689095,0.792284349652293,-0.445352767351361,0.62906429822047,-1.10219771209642,-1.94969607009284,-1.18008588758692,1.84167486726203,0.442733260452948,-0.702121930359935,-1.32416495483461,-0.555941097834846,0.244146609668066,1.21756978398376,0.393351860980975,-1.09948288223523
4.467,1.2014984009197,-1.30667590437536,-0.705237097025142,-0.654289878607095,0.968899153478499,0.380472299761027,-0.344484228326568,0.101598399463067,0.715659860663444,-0.415234461553216,-0.164359186462737,0.0899247252253415,0.71767113004586,-0.279371035837961,-2.96823317332063,1.10895853127751,-1.7713618338249,-1.17176359943771,-0.180783643152807,1.29711010122401
-1.488,-0.469729580566301,-0.768395325077939,1.36219726875099,0.971164374061271,-0.875737125773327,0.235787982992453,0.703698185246122,0.671120874661013,0.907640305684175,0.0551296705930179,1.5194407743176,0.402792818116791,1.42389508632609,1.56420974922256,-2.22571817714071,0.667743594836766,2.25061026945178,-0.266475823895061,0.00218840129337854,-0.811869011460114
-2.404,-0.0524694849389963,-0.527108125374458,-1.09651318808332,0.0134963115683865,-2.13602453869801,0.59098826352041,-0.603005764794259,-0.138316374561719,-0.324805133785133,-0.701999719088772,1.82516507817365,1.30939370465749,-1.68539115613733,0.091093609568575,-0.441654172428568,-0.693679036361983,-0.943008853792748,-0.454685555577368,1.18276728772386,-0.338192213747675
-3.055,-0.0861072982370896,-0.0214270650416246,-0.228433518546891,-0.916534667021545,-1.52282758158501,-1.41193020207889,0.0893504124146815,-1.24931225315241,-1.48158593228175,-1.40383903257398,-2.48863985015353,-0.613254222725411,0.0417293162320748,-0.462187981024542,0.124644128489496,0.879992804711981,1.6868894561962,1.50493216814738,-0.688825038725034,-0.829080141784422
-3.362,-0.887679017906432,0.670498070996282,-0.347828080610269,1.70968856126164,-1.11311820788607,1.06329579229112,0.737494637219904,0.347635244215357,0.594171138863542,-0.398823930892521,-1.65432225038973,-0.435480084919432,-0.632943830350313,-0.450438751827904,-0.349997232679237,-0.37897335718852,-0.338811926433357,-1.62253834012802,1.96360867768691,1.0766521816494
-0.356,-0.444684004884738,-0.434617038572407,0.532128619506733,-1.16810098994666,1.2409838955359,0.453917878897591,-1.54037944457177,-2.27781365917161,-0.854874687119545,-0.110421799564805,-1.42085528137192,-0.382106084270801,0.0300992464318592,0.0730966154107931,-1.90349930252085,-0.431248632603711,0.620713591522164,1.05905497807605,-0.441910422925586,-1.3278948055111
2.033,-0.0294448790882381,-1.11387978331285,1.60723456226119,-1.78103626015252,0.00348193506299025,0.951312977019787,-0.689632292648809,-0.986209181193632,-0.829917536632547,-0.924078451273399,-1.27629656625184,0.171328176109932,-0.129143576065387,0.131353009028611,-1.15404434196501,0.166444699682016,-0.802721086857398,1.15698003542924,0.781007950063791,0.739907498461063
-3.826,-0.413868849057924,0.6071059948785,0.513814526116594,-2.25313244856822,-1.23779458599307,-0.598517713401516,0.859793460209431,-0.0595413435522069,0.149106814964156,-1.35724300041576,2.07910079937255,-2.41656246344689,-1.17589928573267,1.34563639889239,-0.78918347437427,0.140519604666793,0.116593883188853,-0.113958858999298,-1.13436748209853,0.976673150622898
3.239,1.1133860233682,0.275456968739591,1.38237316057303,0.6511259695467,0.555699118898025,-1.84194005034614,-0.376519740675772,-0.160759490474124,-0.976146041384047,-1.19460448275129,1.01553602068229,-0.41817143658625,-1.80681938019899,-0.423361472072342,0.899402278193938,-0.107546272655053,0.608067392089781,0.855190970106914,0.273041389468936,-0.37681524864787
-3.847,-0.480992841653982,1.15734706941474,0.763097048549903,-0.532832625602767,-2.1831493493599,-0.484589533147934,-2.53508347030523,-0.420361520340292,-0.294684407656388,-0.528487779287787,-0.109612816175039,0.707195564900496,2.12031372450078,0.976942283768022,0.316039999076679,-0.251987609311519,1.52794183545539,0.511139092189725,-0.763706558389942,-1.30089125498605
1.431,-0.433169032600729,-1.68248085947826,-0.624584544634111,-0.275559356972283,-0.247024457097248,-0.906846815023397,-0.857809228617209,0.988591016328615,-0.770974915815347,-0.45262688672095,0.981518881029313,0.31180753531698,-1.32440568336117,-0.6309804050454,-0.826987275162978,0.40002038444736,-0.627075993917891,-0.714418985172829,-0.737607983989264,0.725204344924953
2.771,0.696862576552103,0.0873190888948744,0.0815438004289869,0.289626972629046,1.11285692758645,2.22276244740438,0.816026406926163,-1.06961379110863,0.392283707078743,1.41948519316134,2.26134720681062,0.350640156782387,0.275021593266166,0.219751181001007,-1.61457054350712,0.994170230292134,-1.56426674597898,-0.694971594834713,-1.25657614092638,-0.970320176942339
-4.208,-1.05636841317091,1.35336189394267,1.37607911136477,-0.466484061790764,-0.341673237009086,-0.41346657637618,-0.426588909225775,-2.61364346701511,-0.846305904884495,-1.28568114451572,0.637089923803561,-1.58686541262596,-1.1088631832662,-0.345672485091224,-0.166432120087956,-0.393873589955096,-1.22558199882339,-2.02251977219747,-0.0170698956009469,-0.887412359318331
-1.269,-0.0406984751512149,0.724173800683369,-1.56126578615704,-1.60806017494469,1.30543834214107,-0.215673846704644,-0.40463684004168,0.780451897662153,-0.843759930930453,0.381148939361978,1.77553654284699,0.216521654079693,1.50774050493814,1.0059050442053,-1.77639192189298,1.45176227538026,0.125967165114114,1.58146032169396,0.760560550871686,-0.686216777211003
0.746,-1.55154482234759,-0.832552825764212,0.324770660594699,-1.94978379604199,1.79532387144079,1.06297852007115,-0.145769224262472,0.0451050735540702,-0.961888444288268,-0.417468601097774,-1.1475015474698,-0.114749842879395,-1.76729877966445,1.39731579966728,-0.666884015219462,-0.834997129573646,0.259330821064604,1.29683319578503,-0.171825915244101,-0.934156876357404
0.843,1.16716954923568,0.732528486768414,-0.156790316952238,-0.340699918230981,-1.16783522747345,0.620346526580243,0.71946636806737,-0.108489158897566,0.0110496533565447,0.092861420787736,-1.07932259375455,0.0203381232290744,-0.888592273848649,1.53536108075324,-0.307965069586008,2.0014571533496,-0.275286508832528,1.27035453737285,-0.265263394261249,1.65832732814445
-1.3,-0.273645701374081,-0.871926869997213,0.877783860734352,0.17472552733132,-1.15228762498202,0.673066651879,-0.491090752219327,-0.391224310070966,1.21494896542184,-0.663584535776221,1.06794985879243,0.892790261937783,-1.21905138661598,0.684528247552368,1.22252541528467,0.820293024018973,0.0497672155096357,-0.0160778678538177,-0.423995996873209,0.614131653946908
-2.166,-0.467845324672254,-0.453397511229793,0.750166575180638,-2.27777756077723,-0.914455469345649,2.63370956294833,0.475958438418499,-1.6869995043286,-0.888878515738284,0.802827389507556,0.89175319136426,1.44808414754465,0.0502813662769896,-0.505352566351758,0.895862262639488,-0.361525358178745,-0.310697724950738,-0.581762953398202,0.689272118280285,0.338641287474492
-3.367,-1.23825232798621,1.18753427862908,0.30105340384283,0.290524480947084,0.528728032533629,0.16611439867297,0.573153668052675,-0.952704455151679,0.218101261446603,-1.70308264539455,0.870096509939708,-0.252030872055032,-0.490812951536646,-0.124233092127789,0.203905063037902,-2.12565181990003,-0.421435447880268,-1.65357546614648,1.05045042906015,-0.576008960512498
0.169,-0.00776203377732663,-0.290145311790079,1.49281111722931,0.422306357473614,0.835078927048582,1.90517553753426,-1.01885957771565,0.507414112103395,-0.656116999607038,0.153907072564843,0.48576246486856,-0.597471279167578,2.38505995846631,0.301334745178827,-0.215998412229601,-0.39804944688126,2.24620779511287,-0.574408772223323,-2.19402499653358,1.05067558510226
-1.459,-0.80028217795166,0.828546144965436,-1.5254938001697,1.29473736320671,1.20913697409153,0.253718401313083,-0.0618722344363663,0.0188160990067223,-1.08851584728066,0.0260754999213632,-0.471093692846051,-0.247740839749518,-0.00438812697078212,-2.08736714684124,-0.488006321935387,-0.347597923190669,0.0866573729924924,-0.907622087912097,-0.502965563297584,-1.01644723113006
1.304,-0.533492329950436,-0.291227708779169,0.910717558486022,0.164714018573954,1.29947254536082,-1.4590219672543,-0.538305101604451,-1.41891037358562,1.0911308981077,1.05586337908511,0.949629993820546,0.774365940151647,1.33169035546128,1.4203970626931,0.602052313710202,1.44495230883333,1.22351387547554,-1.36553956640524,0.880319117538282,-0.210170203015396
5.747,1.28767524558459,-1.57636240474791,-1.57953202785754,0.204953840800235,1.07573230420989,-2.22724824128035,0.416954726110764,0.598171931352236,-0.569227321657799,-0.224467114350504,1.84772759129207,-0.118587206170082,0.820808669126654,-1.06897934731921,-1.39410021352359,0.376236073898798,2.61823281991171,0.308299926829597,1.54835282944109,1.10298560260448
1.719,-0.175525870242127,-0.848815696948922,0.587716257118581,0.604603626725806,0.939801023514297,0.649683551167725,-1.50827665613024,0.786379621743228,1.6208101305906,0.496596389373037,1.24040742887073,-0.417581271100897,0.685679030525222,-0.459351897002142,-0.354163671111447,-1.82111553207448,-1.32538097725393,-0.472627502422465,0.578006183928215,-0.933756564769499
-1.033,-1.07178238415068,-1.0885198619572,0.0896422960007244,-0.0191407691689314,0.163374693406766,-0.999249864768557,1.53916992776747,-0.134633045902237,-0.686988445583741,0.399633954636834,-1.38081421835124,-0.052426353257736,0.515880947876038,1.33166610954918,1.23104957794247,0.272687271115478,-0.137758822174659,0.446222235667692,-0.13083383528347,0.0373396617812627
-0.146,0.163206882467382,-0.484290571117173,0.96726165694984,-0.0797143473788086,-0.888138558640392,0.0419723836763139,1.346018088596,-0.016386517615323,0.656996703568632,-0.646912750685488,0.474676877291482,1.35395020283372,0.273801847190434,0.409776277697745,-0.813405828015018,-0.942807734498255,-0.00266898450538929,-0.775157770851509,0.607857026905798,-0.76907614575847
-1.517,-0.36273841562795,-0.336311209009573,0.0788123529148234,0.115984464402805,-0.726160982756351,1.77704370004004,-0.842855777501525,1.40914040823509,1.1106922152347,-0.0837627647875345,0.0123463579876949,-0.920651427306943,-0.713335909234141,0.472336504221015,-1.526672181655,-1.70089310223139,1.20590945018439,2.06068761751814,0.217520387392552,-0.387566229908299
4.352,0.590013547987339,-0.153357890661644,-1.56869983648609,0.744173364048388,0.407597005613739,0.347182677337207,-0.669874227807658,0.394838698802266,2.14072073006633,-0.133621200009519,0.0870999372857267,-0.310771373996955,-0.343044145090591,-0.749698629326992,0.000913154019056691,0.9190367632293,-0.328449075698023,2.58539637352218,0.526191223166367,-0.0538397421329862
5.515,1.43242192773099,-0.243247228574846,-2.00782318401609,-0.431290603527693,1.68353633925179,-0.287097446149789,-0.908487448146122,1.21987512807247,-0.830971809132396,1.11960385547419,-0.182368193763325,-1.05580296818196,0.468979532578923,-1.60169156402432,0.29515790450453,0.601705715750341,0.314285567309573,1.49980640309029,0.461979537951275,-0.188542475976531
-1.99,-0.992692511109493,1.89220204160011,0.540973524238763,-0.499528951911234,1.70597982356461,-1.92457665210911,-0.136540641797694,-0.0450772128729762,0.0764058561981353,0.239220972582604,-1.26567026582532,2.2387442557997,-2.47583251603368,-0.791447325580303,1.70653756587127,-0.400022724222342,0.181465253704035,-0.100192607788636,1.50399120650089,0.965698413257635
0.592,0.454650297580283,-1.38599833728542,-0.0733765981084255,-0.865162076755711,-1.92616670082608,-0.800649109339913,-0.501037963291251,1.47948784483878,0.935824446199053,0.290602215857855,0.331283912940739,-0.473062140033249,-1.85544128847299,0.502010547640313,-0.907496040184693,1.43747168052874,0.37478409203679,0.647185814663537,0.353009602570219,0.625906596890689
-0.249,0.0848980586784873,-0.41482430070778,-0.571018393558081,-0.957757283271874,-0.833998015228465,-0.575617970726623,0.1126384468164,-0.0756837866923921,-0.50166670286481,2.34360141841864,1.35172863098665,0.906054085480868,-0.420507917893379,0.717195270520938,-0.526613810298107,-0.312205370263461,-0.642525197682587,-1.40458976481618,-0.398902404734734,0.817892823041214
5.432,0.895565582264545,0.349081528106831,-0.311068459853641,0.326799971338638,1.41913251633319,0.684205732670356,-1.87521756309427,0.917748457199555,0.59485346385118,0.4162981123864,1.63656573626269,0.037916931594142,-1.86603756721418,0.0433551906169097,1.24000855550231,-1.68538439471542,2.57545331864491,-1.33411764776861,1.02355959954025,0.846438126417034
-4.797,-0.229778138946266,1.62844226581541,-0.671415067101365,1.54737222568518,-1.06410971501924,0.483457347617138,0.158546714458315,-0.344778713742413,-0.430651169136371,0.362481077869282,0.479932228852687,-0.175362283023761,0.113504700739202,-0.394144346444174,-0.267901819188712,0.910952091072493,-1.14069051222224,-0.446729345052682,-0.800870910576536,1.33169732315778
-0.716,0.836619068460613,0.0885218957136163,-0.157340452080979,-0.968859568864431,-1.61357747248045,0.0139634087073798,0.0155626712640043,-1.07700265605392,-1.13333905267279,0.531682625476121,-0.736315911257857,-0.361609025278738,0.470018677123532,0.380004825407965,0.304236349386971,-0.675000828576545,-0.309747123005815,1.69061986061771,-0.297780153902299,0.226968255002825
-4.891,-1.74505586133669,1.23915070840056,-0.931305070999869,-0.188440426259463,0.599811088697427,0.180243734625121,-1.60060346126013,1.00160472735829,-2.23717155976963,1.54804223833981,-0.583016619413601,-0.803621542084907,0.884594160133231,-0.622427952571525,0.470303455680992,0.137311566647961,0.416243047192508,-0.223365145696298,-2.40109468243829,0.65350981979275
8.683,1.68945892131337,-1.64455553575371,-1.98300947947013,-1.03000116145592,1.73296470538705,-0.2881232483085,0.275973089169957,2.29600404077134,0.514639572443142,0.961488300605771,-0.611431981951386,1.34157635107538,1.11360999293018,0.511387206007391,1.2861921743485,-0.923241797486208,0.43153057070049,0.923438510803911,0.193998228900719,-0.340644344731065
-1.506,0.864777978518578,1.44635652537848,-0.219599804249378,0.908086441860496,1.93450456245773,0.0302272228902285,0.0549526398709077,-0.325878115450014,-0.341907115162922,0.338436178606463,0.603350043610892,0.625930654378281,0.566850429321619,-1.10137305663194,0.916977260029937,-1.30445974873968,-1.1691369060341,-0.0495256938434538,0.63054874598584,-0.115979062343394
3.321,-0.150775988885748,-0.690560171665183,1.04527586946239,-0.317381864708129,0.532820575670794,0.271674108529485,-0.230573354697258,1.46885612852932,1.71787742881929,-0.610953004269112,-0.235763339357311,0.0311307079941854,0.546022842611285,1.86141559956748,-0.0409726646299108,0.441432625274536,-0.150172391372914,-0.346890884284201,-1.72234774234449,0.535850478938863
-2.857,-1.44900713013917,-0.276431085453852,1.87732956629967,0.179003966540422,0.719665756019785,0.449158427413426,-0.0132162906038914,-0.236908933173859,-1.11637790865796,0.357052050410198,2.90421609162339,-1.09491334946943,0.23984260522916,-2.70498912238434,-1.28916280671522,-0.898687030626516,-1.39912211804635,0.199251919612581,2.53904641213465,-0.337686762629956
2.284,0.643008700041982,-1.10941875989944,0.00260619595716637,0.348028187729177,0.560093385755184,1.82762765843039,0.384949196022327,0.923493117890428,-0.488479619162847,0.141508679877188,-0.268291279315417,-0.486414065558645,0.0341353438230838,1.41793781636752,-0.0792973699461192,-0.541572099750972,0.917339213683056,-0.132327785051881,-0.93202765273661,-0.374418781703754
0.405,0.483193863814768,0.133869316429452,-0.0806699347091655,-1.05427902127444,-0.018086931659967,-1.11202371088381,0.346723717001246,-0.989191806701409,0.807332293407758,-1.83629134377865,0.148092848403041,0.953093683264103,-0.808091219300186,-0.655309498116006,0.739894802319146,0.72408190306176,-0.919625545674867,1.45423172269893,-1.2920278081392,0.272783555184757
-5.404,-0.00635562642138871,1.78533905173155,0.96298228123987,-0.104744288110701,-3.37173908255051,1.47480743158371,-0.431612760578627,0.275646278286709,-0.261008741670786,-1.54103104639384,-0.206794982835284,-0.994513348092816,2.22763232322792,1.25228304742217,1.27676023028368,-2.56237882677918,-1.12619356163764,-1.32063917335026,-0.329125469198937,1.53591780168055
-3.421,0.151455892862424,2.42216335525159,0.0535710165465174,-0.228342617094529,0.760703244759755,0.671512460144392,1.1501780393287,-0.763661093561037,0.488059917826579,-1.79438286441787,-0.642560138451547,-0.571870322518042,-0.792524128713455,-1.46028743217333,0.665132817105951,-0.93721767452518,-0.00583503886139956,0.109207163477544,0.299302194344734,-1.39188968640531
-1.82,-0.584108970349804,-1.07682890211841,-0.434898408910037,0.675355562427539,-0.39122685224321,-1.54532854371443,-0.0365321928878792,-1.35211198419997,1.35278382096951,1.41451490845874,0.847571823884568,0.783173181570287,1.69728053235192,-0.330734876793339,-1.52269035459494,1.52956064823639,-1.25613298158102,-0.0254722179209988,-0.440187586812284,-0.471635008527422
0.529,0.368806732630242,0.485941110403099,-1.73729725534231,-1.23324469350631,1.00990122381185,-0.277047227991105,-0.135801421736564,0.655024410228004,2.17681559130925,0.618337891760976,-0.527572126400654,0.381366421089077,0.938924807290475,0.210817790526989,0.126223111685365,-0.00538613808929788,0.21279147402541,-0.135157590930348,0.496934162455209,0.381585018084879
-1.792,0.294654339719516,1.38852173874429,-1.26369559978243,-1.19996154442278,-0.626973147073749,-0.62934299197198,0.944618045644523,1.60964676035496,0.051387111206838,-2.35045538719928,0.00237075710813171,-0.60005817395716,2.03529495828804,-1.00949926422224,-1.13138211800086,-1.68318369036016,-0.555619629469677,-0.640525314131231,-0.89057085460159,0.319341086263141
-1.034,-0.279259373342575,-0.195656817284544,0.406308512069273,0.765866576616108,-1.63457736950186,-0.933000451619752,0.992041361670064,-0.78850696587791,-0.838095445235414,0.467031586094115,-0.281880233551283,1.65261512009413,0.731626386528303,-0.534776646171061,-0.477425235416266,-0.0494187800249314,-0.628310089043471,0.71748255574154,0.731639832631132,-1.41476618244951
0.04,-1.33623665489315,-0.218174797706211,-1.45965396777976,-0.588097861282977,1.24524265203048,-1.53788648422826,-0.700669754968901,-0.883876112525995,-1.08461500930842,0.0638319381435125,-2.8284746523873,-1.19076693514159,-0.419847340595375,0.495058274885941,-1.09847279446978,0.0454931089477718,-1.59500145340402,-1.47690981302073,0.126996462004796,-0.739714251249943
1.606,0.700748818440034,-0.304777954546445,1.0484573701547,-0.660295829975576,0.181377446555404,-0.494102049599945,-0.991058671834594,-1.07251461179358,-0.546532769073342,-0.256260441820274,0.650930316327698,1.41567745190252,-0.309743506851099,0.548494049782142,1.70744236642163,-0.775870282801966,-2.47645049452256,0.75410479816319,1.88904233606744,-1.12173115267717
5.17,0.554196622274033,0.597832724111443,-1.3464305394502,0.113013522197344,3.4953042639856,-0.435360015270196,-0.705618052658819,-0.458140981447841,-0.426509704704706,-0.74452203825337,0.157759171113334,0.814172817192482,-1.36067647446631,-1.22774261421895,-0.184102959599903,-0.685338106241904,1.11029541174685,-2.18980917487403,0.379767693804555,-0.0455645969922295
-1.655,-0.836306592801415,1.39742941081576,-0.193570558113494,-0.320398799686039,0.915591913326913,-0.323544676280226,-1.17577589332822,0.665647015578227,-1.21099755539979,-1.26902527654423,-0.853437022665369,-2.09757104835645,1.03771431038458,-1.00661264436047,1.8614262207002,-0.0390248343539803,1.76051759457602,1.55309984771205,-0.0448161139871802,1.31356314065774
-3.634,-1.59458816200624,0.687619761239963,-0.00233595711367605,1.86638149693879,1.04850651742624,-2.06111361891619,-1.78119695174032,0.712228212418725,0.597792997779025,0.862628007930791,1.36310008597407,0.320165082487674,0.0462178272837366,0.207167201609838,-1.74204706626444,0.839742870342485,1.25649974649894,0.702061998975102,0.136043976842453,-0.00158204230492996
1.606,0.204958580587634,0.320188014296969,-0.0128297338671881,0.259531455767799,0.763824936934856,0.441502555095545,0.310607521838391,0.442954227499162,1.42389578908393,-0.576934671897015,-1.26289617117116,0.801025120424051,-0.0577733552767567,1.41740118033914,-0.783457421295062,-0.841408017043754,-0.0815338980196429,0.0515238125352395,0.550276535752571,-0.212091233815896
0.216,-0.34508797797289,-0.301869925777261,0.151947321984398,0.16156007091807,-0.603387376859399,0.746351246566367,-0.145110360949431,0.759587312059179,-0.443298625558346,-0.13226734829003,-1.77794654572074,-0.791680654042778,0.0767390706997009,0.747089396555255,0.795270542310834,0.716228276161418,0.147271584663551,-2.42797370995882,-0.808080397534084,2.25347500925588
-1.994,0.252611703364455,0.498348685557949,0.598511131401079,0.931074909335354,-0.370429662702776,0.789642873824685,0.642549753692457,-0.468877666019124,-1.04033346567429,0.586828100587993,-0.686919645075559,-0.0106662632339682,-0.633641164106258,-1.51943307234853,-0.532270009991016,-1.86746565295771,0.354597559542375,-0.0860707324535189,-1.00699603251889,-0.60624713210924
0.819,-1.29400246548455,-0.549536917916756,-0.126212437298279,-0.0599467492596211,1.05982593833365,0.770740507039544,-0.00165936230130426,-0.172709977883837,-1.27389707840725,0.535000276997602,-1.18433552229326,-1.62351793994448,-0.423413462128983,-0.720070739324317,1.9858043427389,1.99085671970778,-0.337141103361032,-0.738357445758921,0.858202267276623,0.113822755103304
-0.522,-0.959170444380363,-0.279256503637243,-0.248535565846776,0.0487397000774502,1.05511052983939,0.200506317830367,0.409162962077351,0.682049899385807,0.770151612011797,-0.393409936967253,0.789677301727648,-0.907567051887799,0.776691007043517,-1.83821203439613,-0.651800415504399,0.771086495860009,0.492653951656481,1.16772402635259,0.0844163440587337,-0.334740454208365
1.612,1.0857748536799,1.09651344311173,0.160327394904622,-1.07287540073396,0.582972161120319,1.46835003167775,-0.496058147310148,-0.281577328241543,0.031522621976529,-0.540609417209361,0.0859637709502686,0.136766722422639,1.31090723646561,0.784395864352993,-2.15696206847162,-0.622598108012433,0.829866793583872,-1.63264961625291,-1.48179176140082,-0.907281697378612
-0.929,0.403774904715714,0.442013088178811,-0.433641941597269,-2.29297143048067,-0.986567435539539,-0.876455483940752,-0.960107958901165,-0.961622573931821,-1.90485475143827,0.259450915234582,-0.370061442579403,0.271187956531974,0.0583013062676336,-0.871052149527092,-0.0920274969247368,-0.103594550359097,0.947611539603209,-1.61312915574097,-0.9651266161995,0.605857718423736
1.805,0.586487536719298,0.241016294026112,1.53741241910027,-1.20720685006434,1.68462181174398,-1.22660469372111,0.778132224570433,-1.37765014473256,-0.123755177145571,-1.17827876100886,0.00933636704307702,-0.07366121520502,0.245398357259442,-0.0108663130165317,-0.397400116998658,-1.2325383205798,1.16542883446602,-0.224659351788146,0.103600145420958,-0.522815844166493
4.173,1.81522844615395,-0.255607655355518,-2.17024657661608,0.114109429797191,-1.36684104568263,0.337837919974576,0.761120616327841,2.69758663663836,0.000328377213438334,0.306138478548671,-0.951059591672823,-0.77443032842804,0.232324718377114,0.609141558215759,-0.138327302570867,-0.932907862773239,-0.421166366290429,-0.0551681503459401,1.1773236654154,0.850439392709796
-0.258,0.128821428602383,0.931032901484882,1.02700461929143,-1.03329707910538,-0.433214348611114,0.440824087254149,-1.73371218388323,-1.69971505556293,-0.843778344728857,0.173481229120353,0.181717711397805,0.593816135526189,0.188775899725465,-0.133051648058773,-0.825764999237853,0.29751851452647,0.334602756436989,-0.627365956924184,0.192566454895148,-0.408036071471018
