"id","item1","item2","item3","item4","item5","item6","item7","item8","item9","item10","item11","item12","item13","item14","item15","item16","item17","item18","item19","item20"
1,1,1,1,0,1,0,1,1,1,1,1,1,1,0,1,0,0,0,0,0
2,1,1,1,1,1,1,0,0,0,0,1,0,0,0,0,0,1,0,0,0
3,1,1,1,1,0,1,1,0,1,0,0,0,0,0,0,1,1,0,0,0
4,1,1,1,1,1,1,1,1,0,0,1,1,1,1,1,1,0,1,0,0
5,1,1,1,0,1,0,1,1,1,1,1,0,1,1,0,0,0,0,0,0
6,1,1,1,1,1,1,1,1,1,0,1,0,1,1,0,0,0,0,0,0
7,1,1,1,1,1,0,1,1,1,1,1,1,1,1,1,1,0,1,0,0
8,1,0,1,1,1,0,0,1,0,1,0,0,1,0,1,1,0,0,0,0
9,1,1,1,1,1,0,1,1,1,1,1,1,1,1,1,1,1,0,1,1
10,1,0,1,1,1,1,1,1,1,1,0,0,1,0,0,0,1,0,0,0
11,1,1,1,1,1,1,1,1,1,1,1,0,0,0,0,0,0,1,0,1
12,1,1,1,1,1,1,1,1,1,1,1,1,1,1,1,1,1,1,1,0
13,1,1,1,0,1,0,1,0,0,0,0,0,0,1,0,0,0,0,0,0
14,1,1,1,1,1,1,0,1,1,0,0,0,1,0,1,0,0,0,0,0
15,1,1,1,1,1,0,0,1,1,1,0,0,1,0,1,0,0,0,0,0
16,1,0,1,1,1,0,1,1,0,0,1,0,1,0,1,0,0,0,0,0
17,1,1,1,1,0,1,1,1,0,1,1,0,0,0,1,0,1,0,0,0
18,0,0,0,1,0,1,0,0,0,0,0,0,0,0,0,0,0,0,0,0
19,0,1,0,1,0,1,0,0,1,0,0,0,0,0,0,0,0,0,0,0
20,1,1,1,1,1,0,1,1,1,1,1,0,0,1,1,1,0,0,1,0
21,1,0,0,1,1,1,0,0,0,0,0,1,0,0,0,0,0,0,0,0
22,1,0,0,0,1,1,0,0,1,0,0,0,0,0,0,0,1,0,0,0
23,1,1,1,1,0,1,1,1,0,1,0,1,0,0,0,0,0,0,0,0
24,1,1,1,1,1,1,1,1,1,1,1,1,1,1,1,1,1,1,0,0
25,1,1,1,1,1,1,1,1,0,1,1,1,0,1,1,1,0,0,1,0
26,1,0,1,1,0,1,1,1,0,0,0,1,1,0,0,0,1,0,0,0
27,1,1,0,1,1,0,0,0,0,1,0,0,1,0,0,0,0,0,0,0
28,0,0,0,1,1,0,0,0,0,0,0,0,1,0,0,0,0,0,0,0
29,0,0,1,1,1,1,1,1,1,1,1,1,0,1,1,1,0,0,0,1
30,1,0,1,0,1,1,0,1,1,0,0,0,0,0,0,1,0,0,0,0
31,1,1,1,1,1,0,0,0,1,0,1,1,1,0,1,1,1,0,0,0
32,1,0,1,1,1,1,1,1,1,1,0,0,0,1,1,0,1,1,0,0
33,1,1,1,1,1,1,0,1,0,1,1,1,1,0,0,1,1,1,0,1
34,1,1,1,1,1,0,0,0,1,0,0,0,1,1,1,0,1,0,0,0
35,1,1,1,1,1,1,0,1,1,0,0,1,1,0,1,0,1,0,0,0
36,0,0,1,0,0,0,0,0,0,0,0,0,1,0,1,0,0,0,0,0
37,1,1,1,1,1,0,1,1,0,0,0,0,0,0,0,0,0,1,0,0
38,1,1,1,1,0,1,0,0,1,0,0,0,0,0,0,0,0,0,0,0
39,0,0,0,0,0,0,0,0,0,0,0,0,0,0,0,0,0,0,0,0
40,1,1,1,1,1,0,1,1,1,0,0,0,1,1,0,0,0,0,0,0
41,1,1,1,1,1,0,1,1,1,1,1,1,1,1,0,0,0,0,0,0
42,1,0,1,1,0,0,0,0,0,1,1,1,1,0,0,0,1,0,0,0
43,1,1,1,1,1,0,1,1,1,1,1,0,0,1,1,1,1,0,0,1
44,1,1,1,1,1,1,1,1,1,1,0,0,1,0,0,0,0,0,0,0
45,1,1,0,0,0,1,0,0,0,0,0,0,0,0,0,0,0,0,0,0
46,1,1,1,1,1,1,1,1,1,1,1,1,1,0,1,0,0,0,0,0
47,0,1,1,1,0,0,0,0,0,0,1,0,0,0,1,0,0,0,0,0
48,1,0,1,1,1,0,1,1,0,1,1,0,1,1,1,1,0,0,0,1
49,1,0,1,1,1,1,0,0,1,0,0,0,0,1,0,0,0,1,0,0
50,1,1,1,1,1,1,1,1,1,1,1,1,1,0,0,1,1,0,1,0
51,1,1,1,1,1,1,1,0,1,0,1,1,1,0,0,0,0,0,0,0
52,1,0,1,1,0,0,1,0,0,0,0,1,0,0,0,0,1,1,0,0
53,1,1,1,1,1,1,1,1,1,1,1,0,0,0,1,1,0,1,0,0
54,1,1,1,1,1,1,1,1,1,1,0,0,1,1,1,0,0,0,0,0
55,1,1,1,1,1,1,0,0,0,1,0,0,0,1,1,0,0,0,0,0
56,1,1,1,1,1,1,0,1,0,0,0,1,1,1,0,0,0,0,0,0
57,1,1,1,1,1,1,0,1,0,1,0,0,1,0,0,0,1,1,0,1
58,1,1,0,1,1,0,1,1,1,1,1,0,1,0,0,0,1,0,0,0
59,0,1,0,0,0,0,0,0,0,0,0,0,0,0,0,0,0,0,0,0
60,1,1,1,1,1,0,1,1,0,1,1,0,0,0,1,1,0,0,0,0
61,1,1,1,0,1,0,1,0,1,1,1,0,1,1,0,1,0,0,0,0
62,1,1,1,1,1,1,1,1,1,0,1,0,0,0,0,0,0,0,0,0
63,1,1,1,1,1,1,1,0,1,0,1,0,1,0,0,0,0,0,0,1
64,1,1,1,1,1,1,1,1,1,1,1,1,1,1,1,1,1,0,0,1
65,1,0,1,1,1,1,1,1,0,0,0,0,1,0,0,0,0,0,0,0
66,1,1,1,1,1,1,1,1,1,1,1,1,1,1,0,0,1,0,1,0
67,1,1,1,1,1,1,1,1,1,1,0,1,1,1,0,0,1,1,0,0
68,1,1,1,1,1,1,1,1,1,0,1,1,1,1,1,0,0,1,0,0
69,1,1,1,1,1,0,1,1,1,1,1,1,1,1,1,1,0,0,1,1
70,1,1,1,1,0,1,1,1,0,1,1,1,1,0,0,1,0,0,0,0
71,0,1,0,0,1,0,0,1,0,0,0,0,1,0,0,0,1,0,0,0
72,1,0,1,1,0,1,1,1,1,0,1,0,1,0,0,0,0,0,0,0
73,1,1,1,1,1,1,1,1,0,1,1,1,0,0,0,0,1,0,0,0
74,1,1,1,1,1,0,0,0,1,0,1,1,0,0,0,0,0,0,0,0
75,1,1,1,0,0,1,1,0,0,0,1,0,0,0,0,0,1,0,0,1
76,1,1,1,1,1,1,1,1,1,1,0,1,1,1,0,0,1,1,0,0
77,1,1,1,1,1,1,1,1,1,1,1,1,1,0,0,1,0,0,1,0
78,1,1,1,1,1,0,0,1,1,0,0,1,1,0,1,0,0,1,0,0
79,0,1,1,0,1,1,1,1,0,0,1,1,0,0,0,0,0,0,0,0
80,1,1,1,0,0,1,0,0,1,0,1,0,0,1,0,0,0,0,0,0
81,1,1,1,1,1,1,1,1,0,1,1,1,0,1,1,1,0,1,0,0
82,1,1,1,1,1,1,1,1,1,1,0,0,1,0,1,0,0,1,0,0
83,1,0,1,1,1,1,0,0,1,1,1,0,1,0,1,0,0,1,0,1
84,1,1,1,1,1,0,1,1,0,1,0,1,0,0,1,0,0,1,0,0
85,1,1,1,0,0,0,0,0,0,0,0,0,1,0,0,0,1,0,0,0
86,1,1,1,1,1,1,1,1,0,1,0,0,1,0,0,0,1,0,1,0
87,1,1,1,1,1,1,1,1,1,1,0,1,0,0,0,0,1,0,0,1
88,1,0,1,1,1,0,0,1,0,0,0,0,0,0,0,0,1,0,0,0
89,1,1,1,1,1,1,0,1,1,1,1,1,1,0,0,1,0,1,0,1
90,1,1,1,1,1,1,1,1,1,1,1,1,1,1,0,1,0,0,0,0
91,1,1,1,1,1,1,1,1,1,0,0,1,1,1,0,1,0,0,0,0
92,1,1,0,1,1,0,0,1,0,0,0,0,0,0,0,0,1,0,0,0
93,1,1,1,1,1,0,1,1,0,1,0,0,1,1,0,1,0,0,0,0
94,1,0,0,0,1,1,1,1,1,1,1,1,1,1,0,0,1,0,1,1
95,1,0,0,1,1,1,0,0,0,0,0,0,0,0,0,0,0,1,0,0
96,1,0,1,0,0,1,0,0,1,0,0,0,0,0,1,0,0,0,0,0
97,1,0,1,1,1,1,1,0,1,0,0,1,0,0,0,0,0,0,0,0
98,0,0,1,0,0,1,0,0,0,0,0,0,1,1,0,0,0,0,0,0
99,1,1,1,1,1,1,1,0,0,1,0,0,1,1,1,0,0,1,0,0
100,1,0,1,1,1,0,1,1,1,1,0,1,0,0,1,0,1,0,0,1
101,1,1,1,1,1,1,1,1,1,0,1,1,1,0,1,0,0,0,0,0
102,1,0,1,1,1,1,1,1,1,1,1,1,0,0,1,1,1,0,0,0
103,1,0,1,0,1,1,1,0,1,1,0,0,0,0,0,0,0,0,0,0
104,1,1,1,1,1,1,1,1,1,1,1,1,1,1,1,1,0,1,0,0
105,1,0,1,0,1,0,0,0,1,1,0,1,0,0,0,0,0,0,0,0
106,1,0,1,1,1,0,1,1,1,1,1,0,1,0,0,0,0,0,0,1
107,1,1,1,1,0,0,0,1,0,0,0,0,1,1,0,0,0,0,0,0
108,1,1,1,1,1,1,0,0,0,1,0,0,0,1,1,0,0,0,0,0
109,1,1,1,1,1,0,1,1,1,1,0,0,1,0,0,0,1,0,0,1
110,1,1,1,1,0,1,1,0,0,1,0,0,0,1,0,0,1,1,0,0
111,1,1,1,1,0,0,1,0,0,1,0,0,1,0,0,0,0,0,0,0
112,1,1,1,1,0,1,1,0,0,1,0,1,0,0,0,0,0,0,0,0
113,1,1,1,1,1,0,0,0,0,0,0,0,0,1,0,0,1,0,0,0
114,1,1,1,0,1,1,0,0,1,1,1,0,0,1,1,0,0,0,0,0
115,1,0,0,1,1,0,0,0,0,0,0,0,0,0,0,0,1,0,0,0
116,1,0,1,0,1,1,0,0,0,1,0,0,0,0,0,0,0,0,0,0
117,1,1,1,0,1,1,1,0,0,1,0,1,0,0,0,0,0,0,0,0
118,1,1,1,1,1,1,1,1,1,1,0,0,1,1,1,1,1,1,1,1
119,1,0,1,1,1,1,0,0,0,0,0,0,0,1,1,0,1,0,0,0
120,1,0,1,1,1,1,1,1,0,0,0,0,0,0,0,0,1,0,0,0
121,1,1,0,0,0,1,0,0,0,0,0,0,0,0,0,0,0,1,0,0
122,0,0,0,0,0,0,0,1,1,0,0,1,0,0,0,0,0,0,0,0
123,1,1,1,0,1,1,1,1,0,0,1,1,1,1,0,1,0,0,0,0
124,1,1,1,1,1,1,1,0,0,0,1,0,0,0,0,0,0,0,0,0
125,1,1,1,1,0,1,1,0,0,0,1,0,0,0,0,1,0,0,0,0
126,1,1,1,1,0,1,1,1,1,0,1,0,0,0,1,0,0,0,0,0
127,1,1,1,0,0,1,0,1,1,0,0,1,1,0,1,0,1,1,0,0
128,0,1,1,1,0,1,0,0,0,0,0,0,0,0,0,0,0,0,0,0
129,1,1,1,1,0,1,0,0,1,0,1,0,0,0,0,0,0,0,0,0
130,1,1,1,1,1,0,1,1,0,0,0,0,0,0,1,0,0,0,0,1
131,1,1,1,1,0,1,1,1,0,1,0,0,1,0,1,0,0,0,0,0
132,1,1,1,1,1,1,0,1,0,0,0,0,0,1,1,0,0,0,0,0
133,1,1,1,1,1,1,1,1,0,1,0,1,0,0,0,0,0,0,0,1
134,1,0,1,1,1,0,1,1,1,1,1,1,1,0,1,1,1,0,1,0
135,1,1,1,1,1,0,1,1,1,1,0,1,1,0,0,0,0,1,0,1
136,0,0,0,0,1,0,0,1,0,0,0,0,0,0,0,0,0,0,0,0
137,1,1,1,1,1,1,0,0,1,0,1,0,1,1,0,0,0,1,0,1
138,1,1,1,1,1,0,1,1,0,1,0,1,0,0,1,0,0,0,1,0
139,1,1,1,0,1,0,0,0,1,0,1,1,0,1,0,0,0,0,0,0
140,1,0,0,0,1,1,1,1,0,0,1,1,0,0,0,0,0,0,0,1
141,1,1,1,0,1,1,1,1,1,0,1,0,0,0,0,0,0,0,1,1
142,1,0,0,1,1,0,1,1,0,0,0,0,0,0,0,0,0,0,0,0
143,1,0,1,1,1,0,0,0,1,0,0,0,0,0,0,1,0,0,0,0
144,1,1,1,1,1,1,1,1,1,1,0,1,0,0,0,0,0,0,0,0
145,1,1,1,1,0,0,1,0,1,0,1,0,0,0,0,0,0,0,0,0
146,1,1,1,1,1,1,1,1,0,1,1,1,1,1,1,1,0,0,0,1
147,1,0,1,1,0,0,1,0,1,0,0,0,0,1,0,0,0,0,0,0
148,1,1,1,1,1,1,1,0,1,0,0,0,1,0,1,1,1,0,0,0
149,1,1,1,1,1,0,1,1,0,1,1,0,0,1,0,1,1,0,0,1
150,1,0,1,1,1,1,0,0,0,0,0,0,0,0,0,0,0,0,0,0
151,1,1,1,1,1,1,1,1,1,0,1,0,0,0,1,0,0,0,0,0
152,1,1,1,0,0,0,1,0,1,0,0,0,1,0,0,0,1,0,0,0
153,1,1,1,1,1,1,1,0,1,1,0,1,0,0,0,0,0,1,0,0
154,1,1,1,1,1,0,0,1,1,0,0,0,1,0,1,0,0,1,0,0
155,1,1,1,1,1,1,1,0,0,0,0,0,0,0,0,0,0,0,0,1
156,1,1,1,0,0,1,0,0,0,0,0,0,0,0,0,0,0,0,0,0
157,1,0,1,1,1,1,1,1,0,1,1,1,1,0,1,0,0,0,0,0
158,0,1,1,1,1,0,0,0,0,0,0,0,1,0,0,0,0,0,0,0
159,1,1,1,1,0,1,0,1,0,0,0,0,1,0,0,0,0,0,0,0
160,1,0,1,1,1,0,1,1,1,1,1,0,1,1,1,1,1,0,0,0
161,1,0,1,1,1,0,0,1,1,0,0,1,0,0,0,0,0,0,0,0
162,1,0,0,0,0,0,1,0,0,0,0,0,1,0,0,0,0,0,0,0
163,1,1,1,1,1,0,1,1,1,1,1,0,0,1,1,0,0,0,0,0
164,1,1,1,1,0,0,0,1,1,0,0,1,1,0,0,0,0,1,0,0
165,1,1,1,1,1,1,1,1,1,0,1,0,1,0,1,1,0,0,0,0
166,1,1,1,1,1,1,0,1,1,1,1,1,0,0,1,1,0,0,0,1
167,1,1,1,1,1,1,1,0,0,0,0,0,0,0,0,0,0,0,0,0
168,1,1,1,1,1,0,1,1,0,1,1,0,1,1,0,0,1,0,0,0
169,1,1,1,1,1,1,1,1,0,1,1,0,1,0,0,0,1,0,0,1
170,1,1,1,0,1,1,0,1,1,1,1,1,1,1,0,0,1,0,0,0
171,1,1,1,1,1,1,1,1,0,1,0,1,0,0,0,0,1,0,0,0
172,1,1,1,1,1,1,1,1,0,1,0,1,0,1,0,0,0,0,1,1
173,1,1,1,0,0,1,0,0,0,0,0,0,0,0,0,0,0,0,0,0
174,1,0,1,1,1,1,1,1,1,1,1,1,0,0,1,0,0,0,0,0
175,1,1,1,1,1,1,1,1,1,1,1,1,1,0,0,0,0,1,0,0
176,1,0,1,1,1,1,0,0,1,0,1,0,0,1,0,0,0,1,0,0
177,1,0,1,1,1,0,0,0,0,0,0,0,0,0,1,0,0,0,0,0
178,1,1,1,1,1,0,1,1,1,0,0,1,1,0,1,0,0,1,0,0
179,1,1,0,1,1,1,1,1,1,0,1,1,0,0,0,0,0,0,0,0
180,1,1,1,0,0,0,1,1,1,1,1,1,1,1,0,0,0,1,0,0
181,1,1,1,1,1,1,1,1,1,1,0,0,0,0,0,0,1,0,0,0
182,1,1,1,1,1,0,1,0,0,0,0,0,1,0,0,0,0,0,0,0
183,1,1,1,1,0,1,0,1,0,0,1,0,0,0,0,0,0,1,0,0
184,1,1,1,1,1,0,1,1,1,1,0,1,1,0,1,0,1,0,0,0
185,1,1,1,1,0,0,1,1,0,0,1,0,0,0,1,0,0,0,0,0
186,0,0,0,0,0,0,0,0,1,0,0,0,0,0,0,0,0,0,0,0
187,1,1,1,1,1,0,1,1,1,0,0,1,1,0,1,1,1,0,0,0
188,1,1,1,1,1,1,0,1,1,1,1,1,0,1,1,0,0,0,0,0
189,1,0,1,0,0,0,0,1,1,0,1,0,0,0,0,0,0,0,0,0
190,1,0,0,1,1,0,1,0,0,0,0,0,0,1,0,0,0,0,0,0
191,1,1,1,1,0,0,1,1,1,1,1,0,1,1,0,0,1,0,0,0
192,0,0,1,1,1,1,0,1,1,0,0,0,1,1,0,0,0,0,0,0
193,1,0,1,1,1,1,1,1,1,1,0,1,1,0,0,1,0,0,0,0
194,1,0,1,1,0,1,1,0,0,0,0,0,0,0,0,0,0,0,0,0
195,1,1,1,1,1,1,1,0,1,1,0,0,1,0,0,0,1,0,0,0
196,1,1,1,1,1,1,1,1,1,1,1,1,1,1,1,1,1,0,0,1
197,1,0,1,1,0,1,1,1,1,1,1,0,0,0,1,1,1,0,0,0
198,1,1,1,1,0,0,1,1,1,0,0,0,1,0,1,0,0,1,0,0
199,1,1,1,1,1,1,1,1,1,1,1,0,1,0,1,0,0,1,0,1
200,1,0,1,1,1,0,1,1,1,1,0,0,0,1,1,0,0,0,0,0
201,0,1,0,0,0,1,0,0,0,0,0,0,0,0,0,0,0,0,0,0
202,1,1,1,1,1,0,1,1,0,1,1,0,0,0,1,1,0,0,0,1
203,1,1,1,1,1,1,1,1,1,1,1,1,0,0,0,0,1,0,0,0
204,1,1,1,1,1,1,1,1,1,0,1,1,1,1,1,0,1,1,0,1
205,0,0,0,1,0,1,0,1,0,0,0,0,0,0,0,0,0,0,0,0
206,0,1,1,1,1,1,1,0,0,0,1,0,0,0,0,0,0,0,0,0
207,1,1,0,1,0,1,1,0,1,0,0,1,0,0,0,0,0,0,0,0
208,1,0,1,0,1,1,0,0,0,0,0,0,0,0,0,0,0,0,0,0
209,1,1,1,1,0,1,1,0,0,0,0,0,1,0,0,0,0,0,0,0
210,1,1,1,0,0,0,0,1,0,1,0,1,1,0,0,0,0,1,0,0
211,1,1,1,1,0,0,0,0,0,1,0,0,0,0,0,0,0,0,0,1
212,1,1,1,1,1,1,1,1,1,1,1,1,0,1,1,1,1,0,0,1
213,1,0,1,1,1,0,1,0,1,1,1,1,1,1,0,0,0,0,0,0
214,1,1,1,0,1,1,0,1,1,0,0,0,0,0,0,0,0,0,0,0
215,1,0,1,1,1,1,1,1,0,0,0,0,0,1,0,0,1,1,0,0
216,1,1,0,0,1,1,1,1,1,0,1,1,1,1,0,1,1,0,0,1
217,1,1,1,1,1,0,1,0,1,0,0,0,0,0,0,0,0,0,0,0
218,1,1,1,1,1,0,0,1,1,1,1,0,1,1,1,0,0,0,1,1
219,1,0,0,1,0,1,1,1,0,0,1,1,1,0,0,0,0,0,0,0
220,1,1,0,1,0,0,0,0,1,0,1,0,0,1,0,0,0,0,0,0
221,1,1,1,1,1,0,1,1,0,1,1,1,1,0,0,0,1,1,0,0
222,1,1,1,1,0,0,1,0,0,0,1,0,0,0,0,0,0,0,0,0
223,1,1,0,1,1,0,1,1,1,1,0,0,0,0,1,0,0,0,0,0
224,0,1,1,1,1,1,0,0,0,1,0,1,0,0,0,0,0,0,0,0
225,1,1,1,1,1,1,1,1,1,0,1,0,0,0,0,0,0,1,0,0
226,1,1,1,1,1,0,1,1,0,1,0,1,1,0,0,0,1,0,0,0
227,1,1,1,1,1,1,1,0,1,1,1,0,1,0,0,1,0,0,1,0
228,1,1,1,1,1,1,0,0,1,0,0,0,0,0,0,0,0,0,0,0
229,1,1,1,1,1,1,1,1,1,0,1,0,1,0,0,0,0,0,0,0
230,1,1,1,1,1,1,1,1,1,1,1,0,0,1,1,1,1,0,0,0
231,1,1,1,1,1,0,1,1,0,0,0,0,0,0,0,0,1,0,0,0
232,1,1,1,1,1,1,1,1,0,1,0,1,1,0,0,0,0,1,0,0
233,1,1,1,1,1,0,1,0,0,0,0,0,1,0,0,0,1,0,0,0
234,1,1,1,1,0,1,1,1,0,1,0,0,1,1,0,0,0,0,0,0
235,1,0,1,1,1,1,0,1,0,1,0,1,0,1,1,0,0,0,0,0
236,1,1,1,1,1,1,1,0,0,1,1,0,0,0,1,1,0,0,0,0
237,1,1,1,1,1,0,1,1,1,0,1,1,1,0,1,1,1,0,0,1
238,1,1,1,1,1,0,1,1,1,1,1,1,1,0,1,1,0,0,0,0
239,1,1,1,1,1,0,1,1,0,1,1,0,0,0,0,1,1,1,0,0
240,0,1,1,1,1,0,1,0,0,0,0,0,0,0,0,0,0,0,0,0
241,1,1,1,0,1,0,1,0,1,1,0,0,0,0,1,0,0,0,0,1
242,1,1,1,1,1,1,1,1,1,1,1,0,0,1,0,1,1,1,0,1
243,1,0,1,1,1,1,1,1,1,1,1,1,0,1,0,0,1,1,1,0
244,1,1,1,1,1,0,1,1,0,0,1,0,0,0,1,1,1,0,1,1
245,1,0,1,0,0,1,0,0,0,0,0,0,0,0,0,0,0,0,0,0
246,1,0,1,1,1,0,1,1,1,1,1,1,1,1,1,1,0,1,1,1
247,1,1,1,1,1,1,1,1,1,1,1,1,1,1,0,0,1,0,1,0
248,1,1,1,1,1,1,0,1,1,1,0,0,0,0,1,0,0,1,0,0
249,1,1,1,1,1,1,1,0,1,1,1,1,1,1,1,1,1,1,0,0
250,1,0,0,0,0,1,1,0,0,0,1,0,0,1,0,0,0,0,0,0
251,1,0,1,1,0,1,0,0,0,0,0,0,1,1,0,0,0,0,0,0
252,1,1,1,1,0,1,0,1,0,1,0,0,0,0,1,1,1,0,0,0
253,1,0,0,1,0,0,0,1,0,1,0,0,0,1,0,0,0,0,0,0
254,1,1,1,1,1,1,1,0,0,1,0,1,1,1,0,0,0,0,0,0
255,1,1,1,1,1,0,1,1,1,0,0,0,1,1,1,1,0,0,0,0
256,1,1,1,1,1,0,1,1,0,1,0,0,0,0,0,0,1,0,0,0
257,1,1,1,1,0,0,1,0,1,0,1,1,0,0,0,0,1,0,0,0
258,1,1,1,1,1,1,1,1,1,0,1,1,1,0,0,0,0,0,0,0
259,1,0,1,1,0,0,1,0,0,0,0,1,0,0,0,0,0,0,0,0
260,1,1,1,1,0,1,0,1,1,0,0,0,1,0,1,0,0,0,0,0
261,1,1,1,1,1,1,1,1,1,1,0,1,1,1,0,1,0,1,0,0
262,1,1,1,1,1,1,1,1,1,1,1,1,0,1,0,1,0,0,1,0
263,1,0,1,1,1,1,1,1,1,1,1,0,0,1,1,0,0,0,0,0
264,1,0,1,0,0,0,0,1,0,0,0,0,0,0,0,0,0,0,0,0
265,1,1,1,1,1,0,1,1,1,0,0,1,0,0,0,1,0,0,0,0
266,1,1,1,1,1,0,0,1,1,1,1,1,1,1,1,0,1,0,0,0
267,1,1,1,1,0,1,1,1,1,1,1,1,0,0,1,0,1,0,1,0
268,1,1,0,1,1,1,1,0,1,1,0,1,0,0,1,0,1,0,0,0
269,0,0,0,0,1,0,1,0,1,0,0,0,1,0,0,0,0,0,0,0
270,1,1,1,1,1,1,1,0,0,0,1,0,0,1,0,0,0,0,0,0
271,1,1,1,1,1,1,1,1,1,1,1,0,0,0,1,1,0,0,0,1
272,1,0,1,1,1,0,1,1,0,0,1,0,0,0,0,0,0,0,0,0
273,1,0,1,1,0,1,1,1,1,1,1,1,0,0,1,0,0,0,1,0
274,1,1,1,1,1,0,0,1,1,1,1,1,0,1,0,0,1,0,0,0
275,1,1,1,0,1,1,0,1,1,1,1,1,0,0,0,0,0,0,0,0
276,1,1,1,1,1,1,1,1,1,1,1,1,1,1,1,0,0,1,0,0
277,1,0,0,1,1,1,0,1,1,1,0,1,0,0,1,0,0,1,0,1
278,1,1,1,1,0,0,0,1,1,1,0,0,1,0,0,0,0,0,0,0
279,1,0,1,1,1,0,1,1,0,1,1,1,1,1,0,0,1,0,0,1
280,1,1,1,1,1,1,1,1,1,1,0,1,1,0,1,0,1,1,0,0
281,1,0,1,1,1,1,0,0,1,1,0,1,1,1,0,1,1,1,0,1
282,0,1,1,1,0,0,0,0,0,0,0,0,0,0,0,0,0,0,0,0
283,1,1,0,1,1,0,1,0,1,1,0,0,1,0,1,0,0,0,0,0
284,1,0,1,1,1,1,1,1,0,1,1,0,0,0,0,1,0,1,0,0
285,1,1,1,1,1,0,1,1,1,0,1,0,1,1,1,0,0,0,0,0
286,1,1,1,1,1,1,1,1,1,1,0,0,1,0,0,0,0,0,0,0
287,1,1,1,1,1,0,1,1,1,1,1,1,1,1,1,0,0,1,1,0
288,1,1,0,1,1,0,1,0,1,0,0,0,0,0,1,0,0,1,0,0
289,1,1,1,0,0,0,0,0,0,0,0,0,0,0,0,0,0,0,0,0
290,1,1,0,1,1,1,1,1,0,1,0,1,1,0,1,0,0,1,0,0
291,1,1,1,0,1,0,0,1,1,0,0,1,1,0,0,0,0,0,0,0
292,1,1,1,1,1,1,1,1,1,1,0,1,0,1,0,0,0,0,0,0
293,1,1,0,1,0,1,1,0,0,0,0,0,0,0,0,0,1,0,0,0
294,1,1,1,1,1,1,0,1,1,1,1,1,1,1,1,1,1,0,0,1
295,1,1,1,1,1,1,1,1,1,1,0,0,1,0,0,0,0,0,0,0
296,1,1,1,1,1,1,1,1,0,0,0,0,0,0,0,0,1,0,0,1
297,1,1,1,0,1,1,0,1,1,0,1,1,1,1,1,0,0,0,0,0
298,1,1,1,1,1,0,1,1,1,1,0,1,1,1,1,0,1,1,1,0
299,1,1,1,1,1,1,0,1,0,0,1,0,1,0,0,0,0,0,0,0
300,1,0,1,1,1,0,1,0,1,0,0,0,0,0,0,0,0,0,0,0
301,1,1,1,1,0,1,0,1,1,1,0,1,0,1,0,0,0,1,0,0
302,1,0,1,1,1,0,1,1,1,1,0,1,1,0,0,1,0,1,1,0
303,1,1,1,1,0,1,1,1,1,0,1,0,1,0,0,1,0,0,0,0
304,1,1,1,1,1,1,0,1,0,0,1,0,1,1,0,0,0,0,1,0
305,1,0,1,1,0,0,1,0,1,0,0,0,0,0,0,0,0,0,0,0
306,1,1,1,0,0,0,1,1,1,1,1,1,0,0,1,0,1,1,0,0
307,1,1,1,1,1,1,1,1,0,1,1,1,0,1,0,0,0,0,0,1
308,1,1,1,1,1,1,1,1,1,1,1,1,1,0,1,0,1,1,0,0
309,0,0,1,1,0,0,0,0,0,0,0,0,0,0,1,0,0,0,0,0
310,1,0,0,1,0,0,0,0,1,1,0,1,1,1,0,0,0,0,1,0
311,1,1,1,0,1,1,1,1,1,1,1,1,0,0,1,0,0,0,0,1
312,1,0,1,1,0,0,0,1,1,1,0,1,0,0,0,0,0,1,0,0
313,0,1,1,1,1,0,0,0,0,0,0,0,0,0,1,0,0,0,0,0
314,0,1,1,1,1,1,1,1,1,0,1,0,0,1,0,0,0,0,0,1
315,1,1,1,1,0,1,1,1,1,1,0,0,0,0,0,0,1,0,0,0
316,1,1,1,1,1,0,1,1,1,0,1,1,0,1,0,0,0,0,0,0
317,1,1,1,1,1,0,1,0,0,1,0,1,0,0,0,0,0,0,0,0
318,1,1,1,1,1,1,1,1,1,1,0,1,1,0,0,0,0,0,0,0
319,1,1,0,0,0,1,1,0,0,0,0,0,0,0,1,0,0,0,0,0
320,1,0,1,1,1,0,1,1,0,1,1,1,1,1,0,0,0,0,0,0
321,1,0,1,1,0,0,0,0,1,0,1,0,0,1,0,0,0,0,0,0
322,1,1,1,1,1,1,1,0,1,1,0,0,1,1,1,0,0,1,0,0
323,1,1,1,1,1,0,1,1,1,0,0,0,0,1,0,0,0,1,0,0
324,1,0,1,1,0,1,1,0,0,0,1,0,0,0,0,0,0,0,0,1
325,1,1,1,1,1,1,1,1,0,1,1,1,0,1,1,1,1,1,0,0
326,1,1,1,0,0,1,1,1,0,0,0,1,0,0,0,0,1,0,0,0
327,1,1,1,1,1,1,1,1,1,1,1,1,1,0,0,0,0,1,1,1
328,1,0,0,1,0,0,1,1,0,1,1,1,0,0,0,0,1,0,0,0
329,1,0,1,1,1,1,1,1,1,0,0,0,0,1,0,0,0,0,0,0
330,1,0,1,0,0,0,1,1,1,1,1,0,1,1,0,0,1,0,0,0
331,1,0,1,1,1,0,1,1,1,1,1,0,1,1,1,0,1,1,1,1
332,1,1,1,1,1,0,0,0,1,1,0,0,1,0,0,0,1,0,0,0
333,1,1,1,1,1,1,1,0,1,0,0,0,0,1,0,0,0,0,0,1
334,1,0,1,1,1,1,1,1,0,1,1,0,1,0,1,0,0,0,0,0
335,1,1,1,1,1,1,1,1,0,1,1,1,1,1,1,1,1,1,0,0
336,1,0,1,1,1,0,1,1,0,0,1,1,1,0,1,0,0,1,0,1
337,1,1,1,0,0,0,0,1,0,0,0,0,0,0,0,0,0,0,0,0
338,1,0,0,0,0,0,0,1,0,0,0,0,1,0,0,0,0,0,0,0
339,1,0,0,1,0,0,0,1,0,1,0,0,0,0,0,0,0,0,0,0
340,1,1,1,0,0,0,1,1,1,0,0,1,0,0,0,0,0,0,0,1
341,1,1,1,1,0,1,1,0,1,0,0,1,0,0,0,0,1,0,0,0
342,1,0,1,1,1,0,0,1,0,1,1,0,1,1,0,0,0,0,0,0
343,1,0,1,1,1,1,0,0,0,1,1,0,0,0,0,0,0,0,0,0
344,1,1,1,0,1,1,0,0,0,0,1,0,1,0,0,0,0,0,0,0
345,1,1,1,1,1,1,1,1,1,1,1,1,1,0,0,0,0,1,1,0
346,1,0,1,1,1,1,1,0,0,1,0,0,0,1,1,0,0,0,0,0
347,1,1,1,1,1,1,1,1,1,1,1,1,0,1,0,0,1,1,0,0
348,1,0,0,0,0,1,0,0,0,0,0,0,0,0,0,0,0,0,0,0
349,1,1,1,1,1,1,1,1,0,0,0,0,0,0,1,0,0,0,0,0
350,1,0,1,1,1,1,1,1,1,1,0,1,0,0,1,0,0,0,0,0
351,1,1,1,1,1,1,1,0,0,1,1,0,1,1,1,1,1,0,0,1
352,1,0,1,0,1,1,1,0,0,0,0,0,0,0,0,0,0,0,0,0
353,1,1,1,1,1,1,1,1,1,1,1,1,0,0,0,1,0,0,1,0
354,1,1,1,1,1,0,1,0,1,0,0,0,1,0,1,0,0,0,0,0
355,1,0,1,0,1,1,1,0,0,0,0,0,0,1,1,0,0,0,0,1
356,1,1,1,1,1,0,1,1,1,1,1,1,1,1,0,0,1,0,0,0
357,1,1,1,0,0,1,1,0,0,0,0,1,1,0,1,0,0,0,1,0
358,1,1,1,1,1,1,1,1,0,1,1,0,1,1,0,0,0,0,0,1
359,1,1,1,1,0,1,0,0,0,0,1,1,0,0,0,0,0,1,0,0
360,0,1,1,0,1,0,1,0,1,1,0,0,0,0,0,1,0,0,0,0
361,1,1,1,0,0,1,0,1,0,0,0,0,0,0,1,0,0,0,0,0
362,0,0,0,1,0,1,0,1,0,0,0,0,0,0,0,0,0,1,0,0
363,1,1,1,0,1,1,1,1,0,0,1,1,0,1,1,0,0,0,0,0
364,1,1,1,1,1,0,1,1,1,0,0,0,0,0,0,0,0,0,0,0
365,1,0,1,1,1,1,1,0,0,0,0,0,1,0,0,0,0,0,0,0
366,1,0,0,1,1,1,1,1,1,0,0,0,0,1,0,0,0,0,0,1
367,1,1,1,1,1,1,1,1,1,1,0,0,1,0,0,1,0,0,0,1
368,1,1,1,0,1,1,0,0,1,0,0,0,0,0,0,0,0,0,0,1
369,1,1,1,0,0,1,0,1,1,0,1,0,1,1,0,0,0,0,0,0
370,1,0,1,1,1,0,1,1,1,1,0,1,1,1,1,0,0,0,0,0
371,1,1,1,1,1,1,1,1,0,1,1,1,1,1,0,0,1,0,1,1
372,1,0,1,1,0,0,1,1,0,0,0,1,0,1,0,0,0,0,0,0
373,1,1,1,1,1,1,1,1,0,1,1,1,1,1,1,0,1,0,1,0
374,1,1,1,0,0,1,0,0,1,0,0,0,0,0,0,0,0,0,0,0
375,1,1,1,1,1,1,1,1,1,1,1,1,0,0,1,1,0,1,0,1
376,1,1,1,0,1,0,0,0,0,0,0,0,0,0,0,0,1,0,0,0
377,1,0,1,1,0,0,1,1,0,0,0,0,0,0,1,0,0,0,0,0
378,1,1,0,1,0,1,0,0,0,0,0,0,0,0,0,0,0,0,0,0
379,1,1,1,1,1,1,1,0,1,1,0,1,1,0,1,1,0,0,1,0
380,1,1,1,1,1,0,1,1,1,1,1,1,0,0,1,1,1,1,0,0
381,1,1,1,1,1,1,1,1,1,1,1,1,1,1,1,1,0,1,1,1
382,1,0,1,1,0,0,1,1,1,0,1,0,0,1,1,0,0,0,0,0
383,1,0,1,1,1,1,1,1,1,1,0,0,0,0,0,0,1,0,0,0
384,1,1,1,1,1,1,1,1,1,1,1,1,0,1,1,1,0,1,0,0
385,1,1,1,0,1,1,1,1,1,0,1,1,0,1,1,0,0,0,0,0
386,1,0,0,0,1,1,1,0,0,1,1,1,1,1,0,0,0,0,0,0
387,1,1,1,1,0,1,1,1,0,1,0,0,0,1,0,0,1,0,0,0
388,1,1,1,1,1,1,0,0,1,1,0,1,1,0,1,0,0,0,0,0
389,1,1,1,1,1,0,1,1,1,1,1,1,1,0,1,0,1,0,1,0
390,1,0,1,1,1,1,1,1,1,1,1,1,0,1,1,0,0,1,1,0
391,1,1,1,1,1,1,1,0,0,1,0,1,0,0,1,0,1,1,0,1
392,1,1,1,0,0,0,1,1,0,0,0,0,1,1,0,0,0,1,0,0
393,1,0,1,1,0,1,0,1,0,1,1,1,1,1,0,0,0,0,0,1
394,1,1,1,1,1,1,0,0,1,0,0,0,0,0,1,0,0,0,1,0
395,1,0,0,1,0,1,0,1,0,0,1,1,1,0,0,0,0,1,1,0
396,1,1,1,1,1,1,1,1,1,1,0,1,1,1,0,0,1,1,0,0
397,1,0,1,1,1,0,1,1,0,0,0,0,0,0,0,0,1,0,0,0
398,1,0,1,0,0,1,1,1,1,1,1,1,0,1,0,0,0,0,0,1
399,1,0,1,1,1,1,1,1,1,0,1,0,1,1,0,0,1,0,0,0
400,1,1,1,1,1,1,1,1,0,1,1,1,0,1,0,0,0,1,0,0
401,1,1,1,1,1,1,1,1,1,1,1,0,0,1,1,0,0,1,0,1
402,1,0,1,0,1,0,1,0,1,0,0,0,0,0,0,0,0,0,0,0
403,1,1,1,1,1,0,1,1,1,0,1,0,0,0,0,0,0,0,0,0
404,1,1,1,1,1,0,1,0,0,0,1,0,1,0,1,0,0,1,0,1
405,1,1,1,1,0,1,1,0,0,0,1,0,1,0,0,0,0,1,0,0
406,0,0,1,1,1,0,0,0,0,1,0,0,0,0,0,0,0,0,0,0
407,1,1,1,1,1,1,0,1,0,1,1,0,0,0,1,0,0,0,0,0
408,1,0,1,1,0,1,1,1,0,1,0,1,0,0,1,0,0,1,0,0
409,1,1,1,1,1,1,1,1,1,1,0,1,1,1,1,0,1,0,0,1
410,0,0,0,0,1,1,0,0,0,0,0,0,0,0,0,0,1,0,0,0
411,1,0,1,1,0,0,0,1,0,0,1,0,1,0,1,0,0,1,0,0
412,1,1,0,1,1,1,1,0,0,1,0,1,0,1,0,0,0,0,0,0
413,0,0,1,1,0,1,0,0,0,1,0,0,0,0,0,0,0,0,0,1
414,1,0,1,0,1,1,1,1,0,0,0,1,0,0,0,0,1,0,0,0
415,1,1,1,1,1,0,1,0,0,0,1,1,0,0,0,0,0,0,0,0
416,1,1,1,1,0,1,0,1,1,0,0,1,0,0,0,0,0,1,0,0
417,0,0,0,0,0,1,0,0,0,0,0,0,0,0,0,0,0,0,0,0
418,1,1,1,1,1,0,0,1,1,1,1,1,0,0,0,1,1,0,1,0
419,1,0,1,1,1,0,1,0,0,1,1,0,0,1,0,0,0,0,0,0
420,1,1,1,1,1,1,1,1,1,1,0,1,1,1,1,0,0,0,1,0
421,1,1,1,1,1,1,0,1,0,1,0,1,1,0,0,0,0,1,0,1
422,1,1,0,0,0,1,0,0,0,0,0,1,1,0,1,0,0,0,0,1
423,1,1,1,1,1,0,1,0,1,0,0,0,0,0,1,0,0,0,0,0
424,1,1,1,1,0,1,0,1,1,0,0,0,0,0,0,0,1,0,0,0
425,1,1,1,1,1,0,0,1,1,1,0,0,0,0,1,0,0,0,0,0
426,1,1,1,1,0,1,1,1,0,1,0,1,0,1,0,0,0,0,0,0
427,1,0,0,1,1,0,0,1,1,1,0,0,0,0,0,1,0,0,1,0
428,1,1,1,1,1,1,1,1,0,0,0,1,0,1,1,0,1,0,0,0
429,1,0,1,1,1,1,1,1,0,0,1,0,0,0,0,0,1,1,0,1
430,1,1,1,1,1,0,1,0,1,1,0,1,1,0,0,0,0,1,0,0
431,1,1,1,1,1,1,0,1,1,1,1,1,0,1,1,1,1,0,1,1
432,1,0,1,1,0,0,1,0,1,0,0,1,1,0,0,0,0,0,0,0
433,1,0,1,1,1,0,1,1,0,0,0,1,0,0,0,0,1,1,0,0
434,1,0,1,0,1,0,1,0,0,0,0,0,0,0,0,0,0,0,0,0
435,1,1,1,1,1,1,0,1,1,1,0,0,0,0,0,1,0,0,0,1
436,1,1,1,1,1,0,1,0,1,0,1,1,1,1,0,0,0,0,0,0
437,0,0,0,0,1,0,0,0,0,0,0,0,1,0,0,0,0,0,0,0
438,1,0,1,1,1,1,0,1,1,0,0,1,1,0,1,0,1,1,0,0
439,1,1,0,0,0,0,1,1,0,1,0,0,1,1,0,0,0,0,0,0
440,1,1,1,1,1,1,0,1,1,1,1,1,1,0,1,1,0,1,0,0
441,1,1,1,1,1,1,1,1,1,1,0,1,0,1,1,0,0,1,0,0
442,1,1,1,1,0,1,1,1,0,0,1,1,1,1,1,0,1,0,0,0
443,1,1,1,1,1,0,1,1,1,1,1,1,1,1,1,0,0,0,1,1
444,1,0,1,1,1,0,1,1,1,0,0,0,0,0,1,0,0,0,0,0
445,1,0,1,1,1,1,1,0,1,1,1,1,1,0,1,1,1,0,0,1
446,1,1,1,1,1,1,1,1,0,0,0,0,0,0,0,0,0,0,0,0
447,1,1,1,1,1,1,1,0,0,1,1,1,0,1,0,1,0,0,0,1
448,1,0,1,1,0,0,0,1,1,0,1,0,0,1,0,0,1,1,1,0
449,1,1,1,1,1,0,0,1,1,0,0,0,0,0,0,0,1,1,0,0
450,1,1,1,1,0,1,0,1,1,1,1,0,1,1,0,0,1,0,0,1
451,1,0,0,0,0,0,0,1,0,0,0,0,0,0,1,0,0,0,0,0
452,1,1,1,0,0,1,1,0,1,1,1,1,1,1,0,0,0,1,0,0
453,1,1,1,1,1,1,1,1,1,0,0,1,1,0,0,0,0,0,0,0
454,1,1,1,1,0,0,1,0,1,0,0,0,0,0,0,0,0,0,0,0
455,1,0,1,1,1,1,1,1,1,1,1,1,0,0,0,0,1,0,1,0
456,1,1,1,1,1,0,0,1,0,0,0,1,0,1,1,1,0,0,0,0
457,1,1,1,1,1,1,1,1,0,0,1,1,1,0,1,0,0,0,1,1
458,1,1,1,1,1,1,1,0,0,1,0,1,1,0,1,0,0,0,0,0
459,1,1,1,1,1,1,1,1,1,1,1,1,0,1,1,1,1,1,1,1
460,1,0,1,0,0,0,1,1,0,0,0,0,1,0,0,0,0,0,0,0
461,1,1,1,1,1,1,1,1,1,1,0,1,1,1,1,1,1,1,0,1
462,1,1,1,1,1,0,1,1,1,1,1,1,1,1,1,0,0,0,1,1
463,1,1,1,1,1,1,1,1,1,0,1,1,1,1,1,0,1,1,0,0
464,1,1,1,0,0,0,1,1,0,0,0,0,0,1,0,0,0,0,0,0
465,1,1,1,0,1,1,0,0,0,0,0,0,0,0,0,0,0,0,0,0
466,1,1,1,1,1,1,1,1,0,0,0,0,1,0,0,0,0,0,0,0
467,1,1,1,1,1,1,1,1,1,0,1,1,0,1,1,1,0,0,0,0
468,1,1,1,1,0,1,1,1,1,0,1,0,1,1,1,0,0,0,0,1
469,0,1,0,1,0,0,0,0,1,0,0,0,0,0,0,0,0,0,0,0
470,1,0,1,0,1,1,0,0,0,0,0,0,1,0,0,0,0,0,0,0
471,1,1,1,0,1,1,1,1,1,1,0,0,1,0,1,1,1,0,0,0
472,1,0,0,0,1,1,0,0,1,0,0,1,0,0,0,0,0,0,0,0
473,1,1,1,1,1,1,1,1,0,1,1,1,1,1,0,0,0,0,0,0
474,0,1,1,0,0,0,0,0,0,0,0,0,0,0,0,0,0,0,0,0
475,1,0,1,1,1,1,0,0,1,1,0,1,0,0,0,0,0,1,0,0
476,1,1,1,0,1,1,1,1,1,1,1,1,0,0,0,0,0,0,0,0
477,1,1,1,1,1,0,1,1,1,0,0,0,0,1,0,0,1,0,0,0
478,1,1,1,1,0,0,0,0,1,0,0,0,0,0,0,0,1,0,0,0
479,1,1,1,1,1,1,1,1,1,1,0,0,0,0,1,0,0,0,1,0
480,1,0,1,1,1,1,1,1,0,1,0,0,1,1,1,0,1,0,0,1
481,1,0,1,1,1,0,1,0,0,0,0,0,1,0,0,0,0,0,0,0
482,0,0,1,1,0,1,0,0,0,0,0,0,0,0,0,0,0,0,0,0
483,1,0,1,0,0,0,1,0,1,0,0,0,0,0,0,0,0,0,0,1
484,0,0,1,1,1,1,0,1,0,0,0,0,0,0,0,0,0,0,0,0
485,1,0,1,1,1,1,1,1,0,1,0,1,1,1,0,0,0,0,1,0
486,1,0,1,1,1,1,1,1,0,0,0,1,0,1,1,0,0,0,0,0
487,1,1,1,1,0,1,1,1,0,1,1,0,0,1,0,0,0,0,0,0
488,1,0,0,1,0,0,0,1,0,0,0,0,0,0,0,0,0,0,0,0
489,1,1,1,1,1,1,1,1,0,1,0,0,1,0,0,0,0,0,0,0
490,1,1,1,1,1,0,1,1,0,1,1,1,0,0,0,0,0,0,0,0
491,1,1,1,1,1,0,1,1,1,0,0,0,1,0,0,1,0,0,0,0
492,1,1,1,1,0,1,1,1,1,0,0,0,0,1,0,0,1,1,0,0
493,1,1,1,1,1,1,1,1,0,0,0,1,0,0,0,0,0,0,0,0
494,1,1,1,1,1,1,1,1,1,1,0,1,0,1,1,1,0,0,1,0
495,1,1,1,1,1,1,1,1,0,0,0,0,0,0,0,0,0,0,0,0
496,1,1,1,1,1,1,1,1,1,1,0,0,1,1,0,1,0,1,0,0
497,1,1,1,1,1,1,1,1,0,1,1,1,0,0,1,0,0,0,0,0
498,1,0,1,1,1,1,0,0,0,0,0,0,1,0,0,0,0,0,0,0
499,1,0,1,1,1,0,1,0,1,1,0,1,1,0,1,0,0,0,0,1
500,1,0,1,1,1,1,0,1,1,1,1,0,0,0,0,0,1,0,0,0
