日期,主体ID,主体类型,主体名称,展现量,点击量,花费,点击率,平均点击花费,总成交金额,总成交笔数,点击转化率,总购物车数,收藏宝贝数,收藏店铺数,总收藏数,宝贝收藏成本
2026-03-13,555519041535,短视频,可爱家居,115,3,5.75,0.02609,1.92,0.00,0,0,1,0,0,0,
2026-03-13,555458610849,短视频,奶油风的家,161,3,5.16,0.01863,1.72,0.00,0,0,0,0,0,0,
2026-03-13,555458290062,短视频,沙发垫的正确打开方式,194,8,8.31,0.04124,1.04,0.00,0,0,0,0,0,0,
2026-03-13,555372737835,短视频,"黑白配的家,太高级了!",25,1,0.12,0.04,0.12,0.00,0,0,0,0,0,0,
2026-03-13,555372621340,短视频,高级感黑白灰客厅搭配,100,2,5.17,0.02,2.59,0.00,0,0,1,0,0,0,
2026-03-13,555312322684,短视频,抱枕的颜值真的太高了!,40,0,0.00,0,,0.00,0,,0,0,0,0,
2026-03-13,555306753035,短视频,沉浸式宅家\|我的古风小家,280,7,6.69,0.025,0.96,0.00,0,0,0,0,0,0,
2026-03-13,555293096238,短视频,侘寂风家里的野性点缀！黑白斑马毛巾绣抱枕，温柔中带点不羁,126,2,0.22,0.01587,0.11,0.00,0,0,0,0,0,0,
2026-03-13,555286652862,短视频,小众设计感艺术抱枕，为颜控而生，怎么搭都好看 ?,132,2,8.86,0.01515,4.43,0.00,0,0,2,0,0,0,
2026-03-13,555286004078,短视频,"黑白灰的家,太有氛围了",63,0,0.00,0,,0.00,0,,0,0,0,0,
2026-03-13,555175200204,短视频,抱枕的颜值真的太高了!,266,12,28.30,0.04511,2.36,0.00,0,0,3,0,0,0,
2026-03-13,555126645572,短视频,这也太犯规了！蛋糕宝宝毛巾绣抱枕萌到爆炸，少女心收割机,28,1,0.41,0.03571,0.41,0.00,0,0,0,0,0,0,
2026-03-13,555125925749,短视频,复古又高级！毛茸茸挂耳狗抱枕，治愈系天花板！?,25,0,0.00,0,,0.00,0,,0,0,0,0,
2026-03-13,555119213859,短视频,"中古风的家,太爱了!",32,0,0.00,0,,0.00,0,,0,0,0,0,
2026-03-13,555064662823,短视频,艺术生的私藏！手绘感抽象线条抱枕，每一根线条都长在审美点上,79,0,0.00,0,,0.00,0,,0,0,0,0,
2026-03-13,555059874294,短视频,一眼心动！韩系ins风向日葵抱枕，氛围感绝了,553,15,25.64,0.02712,1.71,158.00,4,0.26667,10,0,0,0,
2026-03-13,555007321455,短视频,黑白灰极简客厅布置,113,2,3.75,0.0177,1.88,0.00,0,0,0,0,0,0,
2026-03-13,554950138297,短视频,"黑白配,永远的经典",44,0,0.00,0,,0.00,0,,0,0,0,0,
2026-03-13,554926163106,短视频,氛围感家居,135,4,1.32,0.02963,0.33,0.00,0,0,0,0,0,0,
2026-03-13,554817151105,短视频,法式轻奢香风客厅沙发抱枕,67,0,0.00,0,,0.00,0,,0,0,0,0,
2026-03-13,554057120348,短视频,"黑白灰的家,太有氛围了",134,5,8.47,0.03731,1.69,0.00,0,0,2,0,0,0,
2026-03-13,553732269147,短视频,"复古风的家,太爱了!",144,5,3.25,0.03472,0.65,0.00,0,0,0,0,0,0,
2026-03-13,553375677357,短视频,靠它,924,38,70.24,0.04113,1.85,0.00,0,0,11,0,0,0,
2026-03-13,553306503958,短视频,治愈系小家!,147,4,6.10,0.02721,1.53,0.00,0,0,0,0,0,0,
2026-03-13,553203143361,短视频,日光下的舒适,118,3,2.88,0.02542,0.96,271.56,2,0.66667,0,0,0,0,
2026-03-13,553202691374,短视频,温暖的家可靠的它,27,0,0.00,0,,0.00,0,,0,0,0,0,
2026-03-13,553097912376,短视频,居家放松\|我的卧室我做主,224,6,10.35,0.02679,1.73,0.00,0,0,1,0,0,0,
2026-03-13,552764607058,短视频,一眼惊艳的抱枕,5,0,0.00,0,,0.00,0,,0,0,0,0,
2026-03-13,552740205709,短视频,摸摸，轻飘柔顺,162,6,8.57,0.03704,1.43,0.00,0,0,1,0,0,0,
2026-03-13,552596420231,短视频,"轻奢风的家,太爱了",31,0,0.00,0,,0.00,0,,0,0,0,0,
2026-03-13,552596348379,短视频,你的小小后背,17,1,3.78,0.05882,3.78,0.00,0,0,0,0,0,0,
2026-03-13,552363453358,短视频,摸摸它的顺滑触感,389,31,38.09,0.07969,1.23,74.31,2,0.06452,4,2,0,2,19.05
2026-03-13,552231329831,短视频,试试抱着它吧温暖又舒适,18,2,5.76,0.11111,2.88,0.00,0,0,1,0,0,0,
2026-03-13,552045763549,短视频,"全棉的它,让你爱不释手",573,31,22.99,0.0541,0.74,0.00,0,0,9,1,0,1,22.99
2026-03-13,552037351613,短视频,四季可用沙发垫，法式氛围感瞬间拉满,5,0,0.00,0,,0.00,0,,0,0,0,0,
2026-03-13,552037323877,短视频,好物分享l异形经典百搭沙发垫,54,1,0.13,0.01852,0.13,0.00,0,0,0,0,0,0,
2026-03-13,551988272115,短视频,客厅布置\|我的梦中情房,32,3,2.50,0.09375,0.83,0.00,0,0,2,0,0,0,
2026-03-13,551987968238,短视频,秋冬氛围感沙发垫分享,922,61,78.38,0.06616,1.28,112.86,2,0.03279,9,3,0,3,26.13
2026-03-13,551954728795,短视频,"四季款沙发垫,客厅必备",361,22,36.28,0.06094,1.65,47.20,1,0.04545,3,0,0,0,
2026-03-13,551847925090,短视频,原创设计｜立体毛巾绣苹果兔抱枕,116,1,3.07,0.00862,3.07,0.00,0,0,0,0,0,0,
2026-03-13,551847585424,短视频,复古绿斑马纹理抱枕｜3D立体毛巾绣 不撞款的客厅焦点,21,2,1.60,0.09524,0.80,0.00,0,0,2,0,0,0,
2026-03-13,551847181252,短视频,法式蝴蝶结抱枕 重工立体毛巾绣 点亮轻奢复古客厅,78,3,7.49,0.03846,2.50,0.00,0,0,2,0,0,0,
2026-03-13,551806282033,短视频,沙发床上的小惊喜 五彩立体调色盘抱枕 让居家时光更活泼,6,1,4.19,0.16667,4.19,0.00,0,0,1,0,0,0,
2026-03-13,551805838141,短视频,【重磅刺绣】新年礼物红色RICH抱枕，提升家居格调必入,3,2,4.34,0.66667,2.17,0.00,0,0,0,0,0,0,
2026-03-13,551794657208,短视频,"沙发垫这样选,好看又耐脏",123,14,23.79,0.11382,1.70,0.00,0,0,9,0,1,1,
2026-03-13,551754190216,短视频,黑白灰极简风的客厅布置,7,0,0.00,0,,0.00,0,,0,0,0,0,
2026-03-13,551753738339,短视频,我真的太会买沙发垫了!,44,0,0.00,0,,0.00,0,,0,0,0,0,
2026-03-13,551683495744,短视频,低饱和粉调郁金香抱枕 做旧质感毛巾绣 不甜腻的复古浪漫,330,3,4.71,0.00909,1.57,0.00,0,0,0,0,0,0,
2026-03-13,551638039646,短视频,冬天的沙发垫我选半边绒,56,3,2.76,0.05357,0.92,0.00,0,0,2,1,0,1,2.76
2026-03-13,551561140322,短视频,质量杠杠的,427,16,39.49,0.03747,2.47,0.00,0,0,1,0,0,0,
2026-03-13,551413092616,短视频,"轻奢风沙发垫,四季通用",8,1,1.60,0.125,1.60,0.00,0,0,0,0,0,0,
2026-03-13,551253461002,短视频,新年布置\|年味十足的家,25,1,0.12,0.04,0.12,0.00,0,0,0,0,0,0,
2026-03-13,551252909318,短视频,美式高级感黑白斑马纹抱枕,4,0,0.00,0,,0.00,0,,0,0,0,0,
2026-03-13,551093875439,短视频,"复古田园风,让家更温馨",139,6,0.94,0.04317,0.16,0.00,0,0,0,1,0,1,0.94
2026-03-13,550985212692,短视频,新年氛围感家居好物分享,5,0,0.00,0,,0.00,0,,0,0,0,0,
2026-03-13,550787494876,短视频,"冬天宅家,当然要暖暖的啦",10,1,0.15,0.1,0.15,0.00,0,0,0,0,0,0,
2026-03-13,550669771841,短视频,法式复古雪尼尔沙发垫,4,0,0.00,0,,0.00,0,,0,0,0,0,
2026-03-13,550599421042,短视频,新年氛围感沙发垫分享,603,24,28.79,0.0398,1.20,221.90,4,0.16667,10,0,0,0,
2026-03-13,549622833146,短视频,新年氛围感\|我的年味小家,5,0,0.00,0,,0.00,0,,0,0,0,0,
2026-03-13,549462880694,短视频,新年布置\|我的年味小家,20,0,0.00,0,,0.00,0,,0,0,0,0,
2026-03-13,549059103368,短视频,新年氛围感家居好物分享,10,1,0.98,0.1,0.98,0.00,0,0,0,0,0,0,
2026-03-13,548713580814,短视频,M.life 中古风雪尼尔沙发垫高级感异形沙发套罩布巾四季款防猫抓,9032,280,147.50,0.031,0.53,0.00,0,0,14,3,0,3,49.17
2026-03-13,548656188901,短视频,新年氛围感家居好物分享,69,3,1.03,0.04348,0.34,0.00,0,0,0,0,0,0,
2026-03-13,548418767636,短视频,M.life 中古风异形小球球沙发垫高级感客厅沙发套罩布巾秋冬款,9618,265,148.90,0.02755,0.56,182.54,2,0.00755,43,3,0,3,49.63
2026-03-13,548406935891,短视频,M.life 床头软包靠背罩实木防撞软垫卧室改造床靠背枕方便可拆洗,7682,264,137.18,0.03437,0.52,146.75,1,0.00379,25,6,0,6,22.86
2026-03-13,547930443749,短视频,新年布置\|新中式客厅,868,35,67.61,0.04032,1.93,137.42,3,0.08571,9,3,0,3,22.54
2026-03-13,544620767154,短视频,新年氛围感家居好物分享,8,0,0.00,0,,0.00,0,,0,0,0,0,
2026-03-13,542627036326,短视频,好物分享l 秋冬毛绒抱枕来了,34,1,2.07,0.02941,2.07,0.00,0,0,3,0,0,0,
2026-03-13,540791442966,短视频,慢生活mlife家居生活新风尚,459,20,39.17,0.04357,1.96,0.00,0,0,1,0,2,2,
2026-03-13,538016252131,短视频,四季通用的玉米绒沙发垫,123,4,8.43,0.03252,2.11,0.00,0,0,0,1,0,1,8.43
2026-03-13,538015372788,短视频,"绣雏菊沙发垫,让家更温馨",1124,53,47.40,0.04715,0.89,0.00,0,0,9,2,0,2,23.70
2026-03-13,537916670586,短视频,好物分享l水洗全棉四季可用沙发垫,808,44,44.17,0.05446,1.00,42.65,1,0.02273,9,0,0,0,
2026-03-13,537573440852,短视频,软萌好RUA！原创毛巾绣苹果兔抱枕，萌趣满分！,80,4,6.06,0.05,1.52,40.92,1,0.25,0,0,0,0,
2026-03-13,536415651226,短视频,?一整个爱住！这颗毛茸茸的红苹果，软fufu到心巴上～,545,14,19.78,0.02569,1.41,0.00,0,0,1,0,0,0,
2026-03-13,536415559340,短视频,小众控必入！神仙颜值的满绣苔藓抱枕来了！,3163,80,126.37,0.02529,1.58,36.77,1,0.0125,19,0,1,1,
2026-03-13,535585082897,短视频,萌化了！原创苹果兔毛巾绣抱枕，毛茸茸手感太上头！,871,19,57.60,0.02181,3.03,46.17,1,0.05263,3,0,1,1,
2026-03-13,535447529073,短视频,绝非普通印花！解锁毛巾绣斑马抱枕，拯救单调沙发！,215,6,10.66,0.02791,1.78,45.60,1,0.16667,1,0,0,0,
2026-03-13,535241842685,短视频,谁还没拥有这款蝴蝶结抱枕 ！,2493,74,131.07,0.02968,1.77,356.16,8,0.10811,19,0,0,0,
2026-03-13,532636393176,短视频,这款复古客厅少女心沙发抱枕真是颜值担当！,375,19,22.26,0.05067,1.17,0.00,0,0,2,1,0,1,22.26
2026-03-13,532515685685,短视频,软！萌！暖！原创苹果兔毛巾绣抱枕，治愈系抱感来袭~,1188,30,67.75,0.02525,2.26,0.00,0,0,11,0,0,0,
2026-03-13,531569199631,短视频,“它”在等你回家！精致毛巾绣苹果兔抱枕，赋予家居温度与灵魂。,1186,44,118.61,0.0371,2.70,35.91,1,0.02273,11,1,1,2,118.61
2026-03-13,530797208465,短视频,高级感玉米绒四季可用软fufu靠背！,986,33,48.72,0.03347,1.48,381.25,3,0.09091,3,1,1,2,48.72
2026-03-13,530750622143,短视频,谁家还没有买这款三角形软靠背，真是超级舒服！,224,17,32.46,0.07589,1.91,254.20,2,0.11765,2,0,0,0,
2026-03-13,530699336540,短视频,儿童房软装必备的软fufu靠背！,564,37,54.04,0.0656,1.46,0.00,0,0,7,1,0,1,54.04
2026-03-13,530696684580,短视频,居家必备，软靠背放在任何角落都行！,15,1,0.16,0.06667,0.16,0.00,0,0,0,0,0,0,
2026-03-13,530696308316,短视频,谁还没有这款床头靠背啊！真是太舒服了！,301,17,27.27,0.05648,1.60,0.00,0,0,2,0,0,0,
2026-03-13,530649570870,短视频,儿童房这个大象靠背可爱到我了！,2,0,0.00,0,,0.00,0,,0,0,0,0,
2026-03-13,530647050636,短视频,软包幸福感，北欧现代百搭靠背,1360,59,72.73,0.04338,1.23,147.25,1,0.01695,9,0,0,0,
2026-03-13,530418176209,短视频,入冬了，谁家还没铺上这款绒感地垫啊！,169,5,3.83,0.02959,0.77,0.00,0,0,0,0,0,0,
2026-03-13,530369678295,短视频,有没有人能懂一下，这款棉麻材质的床头靠背有多舒服！,724,22,34.39,0.03039,1.56,122.22,1,0.04545,5,0,0,0,
2026-03-13,530039838129,短视频,好物分享l十字纹皮面抱枕,163,3,2.64,0.0184,0.88,0.00,0,0,1,0,0,0,
2026-03-13,529937770007,短视频,四季可用 中古异形沙发垫！,769,25,26.19,0.03251,1.05,0.00,0,0,1,0,0,0,
2026-03-13,529321370204,短视频,家的焕新好物l四季可用的异形沙发垫,511,25,46.63,0.04892,1.87,118.32,3,0.12,4,1,0,1,46.63
2026-03-13,528938064253,短视频,侘寂风长条抱枕  家居必备！,727,22,54.61,0.03026,2.48,0.00,0,0,5,0,1,1,
2026-03-13,527170934899,短视频,没人能比我的蒲团更好看，因为我是。。,3158,73,72.13,0.02312,0.99,29.31,1,0.0137,18,0,1,1,
2026-03-13,527134583803,短视频,我的椅子终于不再冷我的pp了！,352,17,10.08,0.0483,0.59,0.00,0,0,1,0,0,0,
2026-03-13,526044575471,短视频,这款田园风格的垫子 四季可用快来看看吧!,5230,204,91.01,0.03901,0.45,127.72,6,0.02941,37,4,3,7,22.75
2026-03-13,525550264759,短视频,治愈系家居好物！链条绣\+毛巾绣粉郁金香抱枕，小众高级有品位,176,3,7.31,0.01705,2.44,121.80,1,0.33333,1,0,0,0,
2026-03-13,525484054336,短视频,好物分享l日式棉麻蒲团坐垫！,90,4,5.84,0.04444,1.46,0.00,0,0,3,0,0,0,
2026-03-13,525149963536,短视频,温柔狙击！粉郁金香抱枕，双绣工艺，治愈力满分！,88,3,7.57,0.03409,2.52,0.00,0,0,0,0,0,0,
2026-03-13,525092257094,短视频,奶呼呼的南瓜圆枕，请查收！,742,18,22.89,0.02426,1.27,0.00,0,0,3,1,0,1,22.89
2026-03-13,524754881004,短视频,? 给沙发加个“艺术展”！毛巾绣抱枕，小众品味之选~,1,0,0.00,0,,0.00,0,,0,0,0,0,
2026-03-13,522722596526,短视频,治愈系家居好物！能“摸”到花瓣的粉郁金香抱枕,127,2,1.64,0.01575,0.82,0.00,0,0,1,0,0,0,
2026-03-13,522527933014,短视频,全棉帆布白底抱枕 立体毛巾绣小雏菊 可拆洗,1108,26,37.15,0.02347,1.43,145.74,4,0.15385,5,1,1,2,37.15
2026-03-13,521828092571,短视频,高级定制感！双工艺链条绣毛巾绣郁金香抱枕，小众格调家居必备,726,21,28.55,0.02893,1.36,34.32,1,0.04762,0,0,0,0,
2026-03-13,521206416875,短视频,毛巾绣郁金香抱枕！温柔裸粉色太戳心巴！,1728,42,85.94,0.02431,2.05,140.94,4,0.09524,13,1,0,1,85.94
2026-03-13,520432630221,短视频,懒人沙发CP锁死！郁金香毛巾绣抱枕，宅家幸福感\+N,78,1,3.44,0.01282,3.44,0.00,0,0,0,0,0,0,
2026-03-13,520262215795,短视频,巨软糯的郁金香抱枕刺绣细节绝了，宅家幸福感超强,1045,21,36.42,0.0201,1.73,0.00,0,0,4,0,0,0,
2026-03-13,506586023491,短视频,新年新气象，快来给自己的沙发装扮一下吧！,38,2,0.36,0.05263,0.18,0.00,0,0,0,0,0,0,
2026-03-13,502556087109,短视频,年关将至 给沙发换个新年装扮,11,0,0.00,0,,0.00,0,,0,0,0,0,
2026-03-13,501776323133,短视频,新年哪能少的了国风抱枕啊!!!,12,1,0.94,0.08333,0.94,0.00,0,0,0,0,0,0,
2026-03-13,501594849529,短视频,新年抱枕上新~恭喜发财，共贺新春!,13,1,0.14,0.07692,0.14,0.00,0,0,0,0,0,0,
2026-03-13,448976611292,短视频,新年氛围感\|新年宅家布置,17,1,0.02,0.05882,0.02,0.00,0,0,0,0,0,0,
2026-03-13,447695134038,短视频,"日式棉麻蒲团,圆形胖墩墩,坐感舒适",647,20,20.09,0.03091,1.00,0.00,0,0,6,0,0,0,
2026-03-13,447047544009,短视频,忍不住分享一个超老实的坐垫！,2785,118,245.38,0.04237,2.08,491.55,11,0.09322,33,4,2,6,61.35
2026-03-13,446578190359,短视频,100%全棉沙发垫，新年宅家必备,15,1,0.18,0.06667,0.18,0.00,0,0,0,0,0,0,
2026-03-13,446577394488,短视频,新年宅家，少不了的躺平伴侣,257,15,24.76,0.05837,1.65,313.64,3,0.2,4,2,0,2,12.38
2026-03-13,446175681460,短视频,我为什么没有早点买这个沙发垫！！！,88,0,0.00,0,,0.00,0,,0,0,0,0,
2026-03-13,445931457673,短视频,新年宅家，怎么少得了它！,141,4,9.48,0.02837,2.37,0.00,0,0,1,0,1,1,
2026-03-12,555519041535,短视频,可爱家居,153,3,5.73,0.01961,1.91,60.55,2,0.66667,0,0,0,0,
2026-03-12,555458610849,短视频,奶油风的家,167,9,8.16,0.05389,0.91,0.00,0,0,1,0,0,0,
2026-03-12,555458290062,短视频,沙发垫的正确打开方式,154,7,13.88,0.04545,1.98,0.00,0,0,2,0,0,0,
2026-03-12,555372737835,短视频,"黑白配的家,太高级了!",30,1,0.11,0.03333,0.11,0.00,0,0,0,0,0,0,
2026-03-12,555372621340,短视频,高级感黑白灰客厅搭配,74,2,1.23,0.02703,0.62,0.00,0,0,0,0,0,0,
2026-03-12,555312322684,短视频,抱枕的颜值真的太高了!,27,0,0.00,0,,0.00,0,,0,0,0,0,
2026-03-12,555306753035,短视频,沉浸式宅家\|我的古风小家,245,9,10.27,0.03673,1.14,0.00,0,0,0,0,0,0,
2026-03-12,555293096238,短视频,侘寂风家里的野性点缀！黑白斑马毛巾绣抱枕，温柔中带点不羁,111,4,3.08,0.03604,0.77,0.00,0,0,0,0,0,0,
2026-03-12,555286652862,短视频,小众设计感艺术抱枕，为颜控而生，怎么搭都好看 ?,132,3,4.95,0.02273,1.65,0.00,0,0,0,0,0,0,
2026-03-12,555286004078,短视频,"黑白灰的家,太有氛围了",74,1,1.77,0.01351,1.77,0.00,0,0,0,0,0,0,
2026-03-12,555175200204,短视频,抱枕的颜值真的太高了!,319,6,13.20,0.01881,2.20,119.70,2,0.33333,3,1,0,1,13.20
2026-03-12,555126645572,短视频,这也太犯规了！蛋糕宝宝毛巾绣抱枕萌到爆炸，少女心收割机,22,0,0.00,0,,0.00,0,,0,0,0,0,
2026-03-12,555125925749,短视频,复古又高级！毛茸茸挂耳狗抱枕，治愈系天花板！?,35,1,1.73,0.02857,1.73,0.00,0,0,7,0,1,1,
2026-03-12,555119213859,短视频,"中古风的家,太爱了!",24,0,0.00,0,,0.00,0,,0,0,0,0,
2026-03-12,555064662823,短视频,艺术生的私藏！手绘感抽象线条抱枕，每一根线条都长在审美点上,70,0,0.00,0,,0.00,0,,0,0,0,0,
2026-03-12,555059874294,短视频,一眼心动！韩系ins风向日葵抱枕，氛围感绝了,629,15,20.69,0.02385,1.38,85.00,1,0.06667,5,0,1,1,
2026-03-12,555007321455,短视频,黑白灰极简客厅布置,91,3,8.14,0.03297,2.71,0.00,0,0,0,0,0,0,
2026-03-12,554950138297,短视频,"黑白配,永远的经典",43,0,0.00,0,,0.00,0,,0,0,0,0,
2026-03-12,554926163106,短视频,氛围感家居,138,6,3.99,0.04348,0.67,0.00,0,0,0,0,0,0,
2026-03-12,554817151105,短视频,法式轻奢香风客厅沙发抱枕,54,2,3.07,0.03704,1.54,0.00,0,0,0,0,0,0,
2026-03-12,554057120348,短视频,"黑白灰的家,太有氛围了",102,3,4.34,0.02941,1.45,0.00,0,0,0,0,0,0,
2026-03-12,553732269147,短视频,"复古风的家,太爱了!",166,8,10.71,0.04819,1.34,0.00,0,0,2,2,0,2,5.36
2026-03-12,553375677357,短视频,靠它,809,26,57.62,0.03214,2.22,104.00,2,0.07692,10,0,1,1,
2026-03-12,553306503958,短视频,治愈系小家!,164,3,2.17,0.01829,0.72,0.00,0,0,0,0,0,0,
2026-03-12,553203143361,短视频,日光下的舒适,143,0,0.00,0,,0.00,0,,0,0,0,0,
2026-03-12,553202691374,短视频,温暖的家可靠的它,60,3,2.54,0.05,0.85,0.00,0,0,1,0,0,0,
2026-03-12,553097912376,短视频,居家放松\|我的卧室我做主,320,7,19.52,0.02187,2.79,164.92,4,0.57143,10,0,0,0,
2026-03-12,552764607058,短视频,一眼惊艳的抱枕,8,0,0.00,0,,0.00,0,,0,0,0,0,
2026-03-12,552740205709,短视频,摸摸，轻飘柔顺,176,7,22.62,0.03977,3.23,0.00,0,0,3,0,0,0,
2026-03-12,552596420231,短视频,"轻奢风的家,太爱了",41,0,0.00,0,,0.00,0,,0,0,0,0,
2026-03-12,552596348379,短视频,你的小小后背,19,1,0.08,0.05263,0.08,0.00,0,0,0,0,0,0,
2026-03-12,552363453358,短视频,摸摸它的顺滑触感,505,38,33.94,0.07525,0.89,58.90,1,0.02632,12,1,1,2,33.94
2026-03-12,552231329831,短视频,试试抱着它吧温暖又舒适,16,0,0.00,0,,0.00,0,,0,0,0,0,
2026-03-12,552045763549,短视频,"全棉的它,让你爱不释手",687,36,20.58,0.0524,0.57,145.00,1,0.02778,6,3,0,3,6.86
2026-03-12,552037351613,短视频,四季可用沙发垫，法式氛围感瞬间拉满,14,0,0.00,0,,0.00,0,,0,0,0,0,
2026-03-12,552037323877,短视频,好物分享l异形经典百搭沙发垫,67,2,1.44,0.02985,0.72,0.00,0,0,0,0,0,0,
2026-03-12,551988272115,短视频,客厅布置\|我的梦中情房,24,2,0.67,0.08333,0.34,0.00,0,0,0,0,0,0,
2026-03-12,551987968238,短视频,秋冬氛围感沙发垫分享,1075,50,59.49,0.04651,1.19,150.75,2,0.04,9,1,1,2,59.49
2026-03-12,551954728795,短视频,"四季款沙发垫,客厅必备",420,18,21.55,0.04286,1.20,0.00,0,0,5,0,1,1,
2026-03-12,551847925090,短视频,原创设计｜立体毛巾绣苹果兔抱枕,59,2,9.26,0.0339,4.63,0.00,0,0,0,0,0,0,
2026-03-12,551847585424,短视频,复古绿斑马纹理抱枕｜3D立体毛巾绣 不撞款的客厅焦点,10,0,0.00,0,,0.00,0,,0,0,0,0,
2026-03-12,551847181252,短视频,法式蝴蝶结抱枕 重工立体毛巾绣 点亮轻奢复古客厅,93,1,1.14,0.01075,1.14,0.00,0,0,0,0,0,0,
2026-03-12,551806282033,短视频,沙发床上的小惊喜 五彩立体调色盘抱枕 让居家时光更活泼,4,0,0.00,0,,0.00,0,,0,0,0,0,
2026-03-12,551805838141,短视频,【重磅刺绣】新年礼物红色RICH抱枕，提升家居格调必入,2,0,0.00,0,,0.00,0,,0,0,0,0,
2026-03-12,551794657208,短视频,"沙发垫这样选,好看又耐脏",124,13,32.32,0.10484,2.49,0.00,0,0,4,0,0,0,
2026-03-12,551754190216,短视频,黑白灰极简风的客厅布置,9,0,0.00,0,,0.00,0,,0,0,0,0,
2026-03-12,551753738339,短视频,我真的太会买沙发垫了!,192,8,8.52,0.04167,1.07,0.00,0,0,0,0,0,0,
2026-03-12,551683495744,短视频,低饱和粉调郁金香抱枕 做旧质感毛巾绣 不甜腻的复古浪漫,262,16,35.46,0.06107,2.22,48.72,1,0.0625,1,0,0,0,
2026-03-12,551638039646,短视频,冬天的沙发垫我选半边绒,54,2,1.19,0.03704,0.60,0.00,0,0,0,0,0,0,
2026-03-12,551561140322,短视频,质量杠杠的,584,19,48.25,0.03253,2.54,0.00,0,0,3,0,0,0,
2026-03-12,551413092616,短视频,"轻奢风沙发垫,四季通用",5,0,0.00,0,,0.00,0,,0,0,0,0,
2026-03-12,551253461002,短视频,新年布置\|年味十足的家,16,1,0.32,0.0625,0.32,0.00,0,0,0,0,0,0,
2026-03-12,551252909318,短视频,美式高级感黑白斑马纹抱枕,6,0,0.00,0,,0.00,0,,0,0,0,0,
2026-03-12,551093875439,短视频,"复古田园风,让家更温馨",96,8,2.87,0.08333,0.36,0.00,0,0,0,0,0,0,
2026-03-12,550985212692,短视频,新年氛围感家居好物分享,9,0,0.00,0,,0.00,0,,0,0,0,0,
2026-03-12,550787494876,短视频,"冬天宅家,当然要暖暖的啦",6,0,0.00,0,,0.00,0,,0,0,0,0,
2026-03-12,550669771841,短视频,法式复古雪尼尔沙发垫,10,0,0.00,0,,0.00,0,,0,0,0,0,
2026-03-12,550599421042,短视频,新年氛围感沙发垫分享,388,12,13.90,0.03093,1.16,0.00,0,0,2,0,0,0,
2026-03-12,549622833146,短视频,新年氛围感\|我的年味小家,6,0,0.00,0,,0.00,0,,0,0,0,0,
2026-03-12,549462880694,短视频,新年布置\|我的年味小家,35,1,0.33,0.02857,0.33,0.00,0,0,0,0,0,0,
2026-03-12,549059103368,短视频,新年氛围感家居好物分享,8,0,0.00,0,,0.00,0,,0,0,0,0,
2026-03-12,548713580814,短视频,M.life 中古风雪尼尔沙发垫高级感异形沙发套罩布巾四季款防猫抓,8757,267,147.18,0.03049,0.55,213.00,3,0.01124,5,4,0,4,36.80
2026-03-12,548656188901,短视频,新年氛围感家居好物分享,71,2,1.80,0.02817,0.90,0.00,0,0,0,0,0,0,
2026-03-12,548418767636,短视频,M.life 中古风异形小球球沙发垫高级感客厅沙发套罩布巾秋冬款,8347,277,147.91,0.03319,0.53,0.00,0,0,20,3,0,3,49.30
2026-03-12,548406935891,短视频,M.life 床头软包靠背罩实木防撞软垫卧室改造床靠背枕方便可拆洗,6139,263,138.61,0.04284,0.53,140.36,1,0.0038,40,2,4,6,69.31
2026-03-12,547930443749,短视频,新年布置\|新中式客厅,976,42,61.97,0.04303,1.48,0.00,0,0,11,1,0,1,61.97
2026-03-12,544620767154,短视频,新年氛围感家居好物分享,11,0,0.00,0,,0.00,0,,0,0,0,0,
2026-03-12,542627036326,短视频,好物分享l 秋冬毛绒抱枕来了,34,2,7.52,0.05882,3.76,0.00,0,0,0,0,0,0,
2026-03-12,540791442966,短视频,慢生活mlife家居生活新风尚,580,20,43.64,0.03448,2.18,136.29,2,0.1,2,0,0,0,
2026-03-12,538016252131,短视频,四季通用的玉米绒沙发垫,155,6,12.47,0.03871,2.08,75.60,1,0.16667,0,0,0,0,
2026-03-12,538015372788,短视频,"绣雏菊沙发垫,让家更温馨",1155,52,38.90,0.04502,0.75,0.00,0,0,15,0,1,1,
2026-03-12,537916670586,短视频,好物分享l水洗全棉四季可用沙发垫,961,47,43.32,0.04891,0.92,0.00,0,0,7,0,0,0,
2026-03-12,537573440852,短视频,软萌好RUA！原创毛巾绣苹果兔抱枕，萌趣满分！,117,5,9.87,0.04274,1.97,0.00,0,0,0,0,0,0,
2026-03-12,536415651226,短视频,?一整个爱住！这颗毛茸茸的红苹果，软fufu到心巴上～,507,11,30.40,0.0217,2.76,0.00,0,0,6,0,0,0,
2026-03-12,536415559340,短视频,小众控必入！神仙颜值的满绣苔藓抱枕来了！,2522,94,140.12,0.03727,1.49,322.11,6,0.06383,25,0,1,1,
2026-03-12,535585082897,短视频,萌化了！原创苹果兔毛巾绣抱枕，毛茸茸手感太上头！,835,17,41.84,0.02036,2.46,85.85,2,0.11765,4,0,0,0,
2026-03-12,535447529073,短视频,绝非普通印花！解锁毛巾绣斑马抱枕，拯救单调沙发！,191,6,18.40,0.03141,3.07,0.00,0,0,3,0,0,0,
2026-03-12,535241842685,短视频,谁还没拥有这款蝴蝶结抱枕 ！,2568,67,120.56,0.02609,1.80,43.12,1,0.01493,17,0,0,0,
2026-03-12,532636393176,短视频,这款复古客厅少女心沙发抱枕真是颜值担当！,339,16,17.44,0.0472,1.09,0.00,0,0,2,0,0,0,
2026-03-12,532515685685,短视频,软！萌！暖！原创苹果兔毛巾绣抱枕，治愈系抱感来袭~,1146,42,84.71,0.03665,2.02,0.00,0,0,12,0,1,1,
2026-03-12,531569199631,短视频,“它”在等你回家！精致毛巾绣苹果兔抱枕，赋予家居温度与灵魂。,1332,59,115.95,0.04429,1.97,144.99,3,0.05085,22,1,2,3,115.95
2026-03-12,530797208465,短视频,高级感玉米绒四季可用软fufu靠背！,897,38,69.44,0.04236,1.83,287.00,2,0.05263,6,1,0,1,69.44
2026-03-12,530750622143,短视频,谁家还没有买这款三角形软靠背，真是超级舒服！,355,9,21.78,0.02535,2.42,0.00,0,0,2,0,0,0,
2026-03-12,530699336540,短视频,儿童房软装必备的软fufu靠背！,449,28,35.71,0.06236,1.28,122.73,1,0.03571,2,1,0,1,35.71
2026-03-12,530696684580,短视频,居家必备，软靠背放在任何角落都行！,17,0,0.00,0,,0.00,0,,0,0,0,0,
2026-03-12,530696308316,短视频,谁还没有这款床头靠背啊！真是太舒服了！,228,7,19.47,0.0307,2.78,0.00,0,0,2,0,0,0,
2026-03-12,530649570870,短视频,儿童房这个大象靠背可爱到我了！,1,0,0.00,0,,0.00,0,,0,0,0,0,
2026-03-12,530647050636,短视频,软包幸福感，北欧现代百搭靠背,990,53,79.98,0.05354,1.51,246.10,2,0.03774,14,2,0,2,39.99
2026-03-12,530418176209,短视频,入冬了，谁家还没铺上这款绒感地垫啊！,240,5,2.41,0.02083,0.48,0.00,0,0,1,0,0,0,
2026-03-12,530369678295,短视频,有没有人能懂一下，这款棉麻材质的床头靠背有多舒服！,858,31,40.64,0.03613,1.31,0.00,0,0,3,2,0,2,20.32
2026-03-12,530039838129,短视频,好物分享l十字纹皮面抱枕,153,6,7.49,0.03922,1.25,0.00,0,0,3,0,0,0,
2026-03-12,529937770007,短视频,四季可用 中古异形沙发垫！,913,52,40.90,0.05696,0.79,0.00,0,0,9,0,0,0,
2026-03-12,529321370204,短视频,家的焕新好物l四季可用的异形沙发垫,447,19,27.32,0.04251,1.44,0.00,0,0,0,0,0,0,
2026-03-12,528938064253,短视频,侘寂风长条抱枕  家居必备！,577,20,41.67,0.03466,2.08,0.00,0,0,12,1,0,1,41.67
2026-03-12,527170934899,短视频,没人能比我的蒲团更好看，因为我是。。,4014,68,60.06,0.01694,0.88,73.20,2,0.02941,13,3,0,3,20.02
2026-03-12,527134583803,短视频,我的椅子终于不再冷我的pp了！,385,19,21.56,0.04935,1.13,44.90,1,0.05263,4,0,0,0,
2026-03-12,526044575471,短视频,这款田园风格的垫子 四季可用快来看看吧!,4314,182,90.23,0.04219,0.50,226.66,11,0.06044,24,0,2,2,
2026-03-12,525550264759,短视频,治愈系家居好物！链条绣\+毛巾绣粉郁金香抱枕，小众高级有品位,247,4,2.09,0.01619,0.52,0.00,0,0,0,0,0,0,
2026-03-12,525484054336,短视频,好物分享l日式棉麻蒲团坐垫！,167,7,7.14,0.04192,1.02,0.00,0,0,1,0,0,0,
2026-03-12,525149963536,短视频,温柔狙击！粉郁金香抱枕，双绣工艺，治愈力满分！,105,5,8.56,0.04762,1.71,0.00,0,0,0,0,0,0,
2026-03-12,525092257094,短视频,奶呼呼的南瓜圆枕，请查收！,1074,28,27.73,0.02607,0.99,0.00,0,0,9,0,0,0,
2026-03-12,522722596526,短视频,治愈系家居好物！能“摸”到花瓣的粉郁金香抱枕,87,3,2.73,0.03448,0.91,0.00,0,0,0,0,0,0,
2026-03-12,522527933014,短视频,全棉帆布白底抱枕 立体毛巾绣小雏菊 可拆洗,1077,37,49.78,0.03435,1.35,98.76,3,0.08108,6,0,0,0,
2026-03-12,521828092571,短视频,高级定制感！双工艺链条绣毛巾绣郁金香抱枕，小众格调家居必备,675,19,25.94,0.02815,1.37,0.00,0,0,1,0,0,0,
2026-03-12,521206416875,短视频,毛巾绣郁金香抱枕！温柔裸粉色太戳心巴！,1948,73,120.40,0.03747,1.65,280.99,7,0.09589,15,0,2,2,
2026-03-12,520432630221,短视频,懒人沙发CP锁死！郁金香毛巾绣抱枕，宅家幸福感\+N,48,2,1.36,0.04167,0.68,0.00,0,0,0,0,0,0,
2026-03-12,520262215795,短视频,巨软糯的郁金香抱枕刺绣细节绝了，宅家幸福感超强,622,16,23.14,0.02572,1.45,0.00,0,0,2,0,0,0,
2026-03-12,506586023491,短视频,新年新气象，快来给自己的沙发装扮一下吧！,30,0,0.00,0,,0.00,0,,0,0,0,0,
2026-03-12,502556087109,短视频,年关将至 给沙发换个新年装扮,15,0,0.00,0,,0.00,0,,0,0,0,0,
2026-03-12,501776323133,短视频,新年哪能少的了国风抱枕啊!!!,6,0,0.00,0,,0.00,0,,0,0,0,0,
2026-03-12,501594849529,短视频,新年抱枕上新~恭喜发财，共贺新春!,5,0,0.00,0,,0.00,0,,0,0,0,0,
2026-03-12,448976611292,短视频,新年氛围感\|新年宅家布置,13,0,0.00,0,,0.00,0,,0,0,0,0,
2026-03-12,447695134038,短视频,"日式棉麻蒲团,圆形胖墩墩,坐感舒适",422,16,20.73,0.03791,1.30,35.90,1,0.0625,3,0,0,0,
2026-03-12,447047544009,短视频,忍不住分享一个超老实的坐垫！,2745,120,246.39,0.04372,2.05,617.77,19,0.15833,37,1,1,2,246.39
2026-03-12,446578190359,短视频,100%全棉沙发垫，新年宅家必备,36,0,0.00,0,,0.00,0,,0,0,0,0,
2026-03-12,446577394488,短视频,新年宅家，少不了的躺平伴侣,306,15,31.62,0.04902,2.11,20.46,1,0.06667,5,1,0,1,31.62
2026-03-12,446175681460,短视频,我为什么没有早点买这个沙发垫！！！,61,2,0.98,0.03279,0.49,0.00,0,0,5,0,0,0,
2026-03-12,445931457673,短视频,新年宅家，怎么少得了它！,113,2,4.66,0.0177,2.33,48.79,1,0.5,0,0,0,0,
2026-03-11,555519041535,短视频,可爱家居,274,3,6.38,0.01095,2.13,0.00,0,0,0,0,1,1,
2026-03-11,555458610849,短视频,奶油风的家,146,8,14.41,0.05479,1.80,0.00,0,0,1,0,0,0,
2026-03-11,555458290062,短视频,沙发垫的正确打开方式,185,10,10.77,0.05405,1.08,0.00,0,0,3,0,0,0,
2026-03-11,555372737835,短视频,"黑白配的家,太高级了!",30,2,0.33,0.06667,0.17,0.00,0,0,0,0,0,0,
2026-03-11,555372621340,短视频,高级感黑白灰客厅搭配,105,1,1.76,0.00952,1.76,0.00,0,0,1,0,0,0,
2026-03-11,555312322684,短视频,抱枕的颜值真的太高了!,29,0,0.00,0,,0.00,0,,0,0,0,0,
2026-03-11,555306753035,短视频,沉浸式宅家\|我的古风小家,208,8,14.87,0.03846,1.86,0.00,0,0,1,0,0,0,
2026-03-11,555293096238,短视频,侘寂风家里的野性点缀！黑白斑马毛巾绣抱枕，温柔中带点不羁,156,3,4.04,0.01923,1.35,0.00,0,0,0,0,0,0,
2026-03-11,555286652862,短视频,小众设计感艺术抱枕，为颜控而生，怎么搭都好看 ?,139,3,4.82,0.02158,1.61,37.80,1,0.33333,1,0,0,0,
2026-03-11,555286004078,短视频,"黑白灰的家,太有氛围了",81,0,0.00,0,,0.00,0,,0,0,0,0,
2026-03-11,555175200204,短视频,抱枕的颜值真的太高了!,346,8,6.98,0.02312,0.87,0.00,0,0,0,1,0,1,6.98
2026-03-11,555126645572,短视频,这也太犯规了！蛋糕宝宝毛巾绣抱枕萌到爆炸，少女心收割机,47,3,1.59,0.06383,0.53,0.00,0,0,0,0,0,0,
2026-03-11,555125925749,短视频,复古又高级！毛茸茸挂耳狗抱枕，治愈系天花板！?,48,1,0.14,0.02083,0.14,0.00,0,0,0,0,0,0,
2026-03-11,555119213859,短视频,"中古风的家,太爱了!",55,0,0.00,0,,0.00,0,,0,0,0,0,
2026-03-11,555064662823,短视频,艺术生的私藏！手绘感抽象线条抱枕，每一根线条都长在审美点上,105,5,4.50,0.04762,0.90,0.00,0,0,0,0,0,0,
2026-03-11,555059874294,短视频,一眼心动！韩系ins风向日葵抱枕，氛围感绝了,638,9,16.59,0.01411,1.84,0.00,0,0,4,0,0,0,
2026-03-11,555007321455,短视频,黑白灰极简客厅布置,173,4,2.77,0.02312,0.69,0.00,0,0,0,0,0,0,
2026-03-11,554950138297,短视频,"黑白配,永远的经典",59,2,3.54,0.0339,1.77,0.00,0,0,0,0,0,0,
2026-03-11,554926163106,短视频,氛围感家居,168,7,5.92,0.04167,0.85,0.00,0,0,1,0,0,0,
2026-03-11,554817151105,短视频,法式轻奢香风客厅沙发抱枕,73,1,0.59,0.0137,0.59,0.00,0,0,0,0,0,0,
2026-03-11,554057120348,短视频,"黑白灰的家,太有氛围了",127,7,5.92,0.05512,0.85,83.50,1,0.14286,2,1,0,1,5.92
2026-03-11,553732269147,短视频,"复古风的家,太爱了!",202,5,2.59,0.02475,0.52,0.00,0,0,1,0,0,0,
2026-03-11,553375677357,短视频,靠它,1002,32,62.31,0.03194,1.95,0.00,0,0,5,0,0,0,
2026-03-11,553306503958,短视频,治愈系小家!,159,9,12.64,0.0566,1.40,0.00,0,0,2,0,0,0,
2026-03-11,553203143361,短视频,日光下的舒适,139,4,6.04,0.02878,1.51,0.00,0,0,1,0,0,0,
2026-03-11,553202691374,短视频,温暖的家可靠的它,48,2,1.55,0.04167,0.78,0.00,0,0,0,0,0,0,
2026-03-11,553097912376,短视频,居家放松\|我的卧室我做主,214,7,13.84,0.03271,1.98,133.20,3,0.42857,10,0,0,0,
2026-03-11,552764607058,短视频,一眼惊艳的抱枕,11,0,0.00,0,,0.00,0,,0,0,0,0,
2026-03-11,552740205709,短视频,摸摸，轻飘柔顺,162,6,8.95,0.03704,1.49,33.02,1,0.16667,0,0,0,0,
2026-03-11,552596420231,短视频,"轻奢风的家,太爱了",28,1,0.19,0.03571,0.19,0.00,0,0,0,0,0,0,
2026-03-11,552596348379,短视频,你的小小后背,32,0,0.00,0,,0.00,0,,0,0,0,0,
2026-03-11,552363453358,短视频,摸摸它的顺滑触感,323,25,33.66,0.0774,1.35,0.00,0,0,5,0,0,0,
2026-03-11,552231329831,短视频,试试抱着它吧温暖又舒适,19,0,0.00,0,,0.00,0,,0,0,0,0,
2026-03-11,552045763549,短视频,"全棉的它,让你爱不释手",269,16,8.99,0.05948,0.56,0.00,0,0,9,0,1,1,
2026-03-11,552037351613,短视频,四季可用沙发垫，法式氛围感瞬间拉满,4,1,0.10,0.25,0.10,0.00,0,0,0,0,0,0,
2026-03-11,552037323877,短视频,好物分享l异形经典百搭沙发垫,34,2,2.33,0.05882,1.17,0.00,0,0,1,0,0,0,
2026-03-11,551988272115,短视频,客厅布置\|我的梦中情房,114,5,2.72,0.04386,0.54,0.00,0,0,1,1,0,1,2.72
2026-03-11,551987968238,短视频,秋冬氛围感沙发垫分享,913,62,66.49,0.06791,1.07,328.52,4,0.06452,14,0,1,1,
2026-03-11,551954728795,短视频,"四季款沙发垫,客厅必备",124,3,1.32,0.02419,0.44,0.00,0,0,1,0,0,0,
2026-03-11,551847925090,短视频,原创设计｜立体毛巾绣苹果兔抱枕,108,4,5.84,0.03704,1.46,0.00,0,0,0,0,0,0,
2026-03-11,551847585424,短视频,复古绿斑马纹理抱枕｜3D立体毛巾绣 不撞款的客厅焦点,28,1,1.64,0.03571,1.64,0.00,0,0,0,0,0,0,
2026-03-11,551847181252,短视频,法式蝴蝶结抱枕 重工立体毛巾绣 点亮轻奢复古客厅,144,5,6.37,0.03472,1.27,41.90,1,0.2,2,0,0,0,
2026-03-11,551806282033,短视频,沙发床上的小惊喜 五彩立体调色盘抱枕 让居家时光更活泼,9,0,0.00,0,,0.00,0,,0,0,0,0,
2026-03-11,551805838141,短视频,【重磅刺绣】新年礼物红色RICH抱枕，提升家居格调必入,4,0,0.00,0,,0.00,0,,0,0,0,0,
2026-03-11,551794657208,短视频,"沙发垫这样选,好看又耐脏",186,11,22.47,0.05914,2.04,102.04,1,0.09091,2,0,0,0,
2026-03-11,551754190216,短视频,黑白灰极简风的客厅布置,11,0,0.00,0,,0.00,0,,0,0,0,0,
2026-03-11,551753738339,短视频,我真的太会买沙发垫了!,443,31,56.71,0.06998,1.83,188.85,2,0.06452,11,0,0,0,
2026-03-11,551683495744,短视频,低饱和粉调郁金香抱枕 做旧质感毛巾绣 不甜腻的复古浪漫,396,11,32.70,0.02778,2.97,34.32,1,0.09091,0,0,0,0,
2026-03-11,551638039646,短视频,冬天的沙发垫我选半边绒,47,5,2.13,0.10638,0.43,0.00,0,0,0,0,0,0,
2026-03-11,551561140322,短视频,质量杠杠的,356,12,27.63,0.03371,2.30,119.70,2,0.16667,10,0,0,0,
2026-03-11,551413092616,短视频,"轻奢风沙发垫,四季通用",17,0,0.00,0,,0.00,0,,0,0,0,0,
2026-03-11,551253461002,短视频,新年布置\|年味十足的家,25,0,0.00,0,,0.00,0,,0,0,0,0,
2026-03-11,551252909318,短视频,美式高级感黑白斑马纹抱枕,4,0,0.00,0,,0.00,0,,0,0,0,0,
2026-03-11,551093875439,短视频,"复古田园风,让家更温馨",123,4,2.39,0.03252,0.60,0.00,0,0,0,0,0,0,
2026-03-11,550985212692,短视频,新年氛围感家居好物分享,16,0,0.00,0,,0.00,0,,0,0,0,0,
2026-03-11,550787494876,短视频,"冬天宅家,当然要暖暖的啦",12,0,0.00,0,,0.00,0,,0,0,0,0,
2026-03-11,550669771841,短视频,法式复古雪尼尔沙发垫,12,0,0.00,0,,0.00,0,,0,0,0,0,
2026-03-11,550599421042,短视频,新年氛围感沙发垫分享,610,28,19.50,0.0459,0.70,234.96,4,0.14286,8,0,0,0,
2026-03-11,549622833146,短视频,新年氛围感\|我的年味小家,8,0,0.00,0,,0.00,0,,0,0,0,0,
2026-03-11,549462880694,短视频,新年布置\|我的年味小家,29,2,2.33,0.06897,1.17,0.00,0,0,2,0,0,0,
2026-03-11,549059103368,短视频,新年氛围感家居好物分享,5,0,0.00,0,,0.00,0,,0,0,0,0,
2026-03-11,548713580814,短视频,M.life 中古风雪尼尔沙发垫高级感异形沙发套罩布巾四季款防猫抓,9847,258,147.45,0.0262,0.57,26.10,1,0.00388,23,8,2,10,18.43
2026-03-11,548656188901,短视频,新年氛围感家居好物分享,103,7,7.06,0.06796,1.01,319.51,4,0.57143,6,0,0,0,
2026-03-11,548418767636,短视频,M.life 中古风异形小球球沙发垫高级感客厅沙发套罩布巾秋冬款,12014,288,149.36,0.02397,0.52,0.00,0,0,32,3,0,3,49.79
2026-03-11,548406935891,短视频,M.life 床头软包靠背罩实木防撞软垫卧室改造床靠背枕方便可拆洗,11339,369,195.07,0.03254,0.53,1085.12,8,0.02168,40,4,1,5,48.77
2026-03-11,547930443749,短视频,新年布置\|新中式客厅,1075,52,66.55,0.04837,1.28,224.10,5,0.09615,9,1,0,1,66.55
2026-03-11,544620767154,短视频,新年氛围感家居好物分享,11,2,1.66,0.18182,0.83,0.00,0,0,1,0,0,0,
2026-03-11,542627036326,短视频,好物分享l 秋冬毛绒抱枕来了,34,0,0.00,0,,0.00,0,,0,0,0,0,
2026-03-11,540791442966,短视频,慢生活mlife家居生活新风尚,571,17,46.73,0.02977,2.75,214.28,2,0.11765,8,1,0,1,46.73
2026-03-11,538016252131,短视频,四季通用的玉米绒沙发垫,169,3,2.55,0.01775,0.85,0.00,0,0,0,0,0,0,
2026-03-11,538015372788,短视频,"绣雏菊沙发垫,让家更温馨",1059,43,47.77,0.0406,1.11,89.93,1,0.02326,8,1,0,1,47.77
2026-03-11,537916670586,短视频,好物分享l水洗全棉四季可用沙发垫,922,60,47.94,0.06508,0.80,55.80,1,0.01667,3,2,0,2,23.97
2026-03-11,537573440852,短视频,软萌好RUA！原创毛巾绣苹果兔抱枕，萌趣满分！,65,2,3.39,0.03077,1.70,0.00,0,0,0,0,0,0,
2026-03-11,536415651226,短视频,?一整个爱住！这颗毛茸茸的红苹果，软fufu到心巴上～,447,20,43.32,0.04474,2.17,77.98,2,0.1,9,0,0,0,
2026-03-11,536415559340,短视频,小众控必入！神仙颜值的满绣苔藓抱枕来了！,2867,97,163.09,0.03383,1.68,466.60,9,0.09278,19,0,0,0,
2026-03-11,535585082897,短视频,萌化了！原创苹果兔毛巾绣抱枕，毛茸茸手感太上头！,834,13,22.43,0.01559,1.73,71.34,2,0.15385,4,2,0,2,11.22
2026-03-11,535447529073,短视频,绝非普通印花！解锁毛巾绣斑马抱枕，拯救单调沙发！,226,4,14.18,0.0177,3.55,0.00,0,0,1,0,0,0,
2026-03-11,535241842685,短视频,谁还没拥有这款蝴蝶结抱枕 ！,2494,70,147.28,0.02807,2.10,640.39,13,0.18571,26,1,1,2,147.28
2026-03-11,532636393176,短视频,这款复古客厅少女心沙发抱枕真是颜值担当！,236,9,3.97,0.03814,0.44,33.34,1,0.11111,1,0,1,1,
2026-03-11,532515685685,短视频,软！萌！暖！原创苹果兔毛巾绣抱枕，治愈系抱感来袭~,1620,47,99.24,0.02901,2.11,238.23,5,0.10638,15,1,0,1,99.24
2026-03-11,531569199631,短视频,“它”在等你回家！精致毛巾绣苹果兔抱枕，赋予家居温度与灵魂。,1399,58,165.91,0.04146,2.86,360.25,9,0.15517,35,0,1,1,
2026-03-11,530797208465,短视频,高级感玉米绒四季可用软fufu靠背！,1175,42,74.47,0.03574,1.77,417.71,4,0.09524,9,0,0,0,
2026-03-11,530750622143,短视频,谁家还没有买这款三角形软靠背，真是超级舒服！,347,12,17.48,0.03458,1.46,0.00,0,0,5,0,0,0,
2026-03-11,530699336540,短视频,儿童房软装必备的软fufu靠背！,540,35,44.53,0.06481,1.27,356.60,3,0.08571,11,0,0,0,
2026-03-11,530696684580,短视频,居家必备，软靠背放在任何角落都行！,16,4,1.35,0.25,0.34,0.00,0,0,0,0,0,0,
2026-03-11,530696308316,短视频,谁还没有这款床头靠背啊！真是太舒服了！,173,8,9.51,0.04624,1.19,0.00,0,0,0,0,1,1,
2026-03-11,530649570870,短视频,儿童房这个大象靠背可爱到我了！,3,0,0.00,0,,0.00,0,,0,0,0,0,
2026-03-11,530647050636,短视频,软包幸福感，北欧现代百搭靠背,1020,60,83.75,0.05882,1.40,271.37,2,0.03333,13,0,1,1,
2026-03-11,530418176209,短视频,入冬了，谁家还没铺上这款绒感地垫啊！,286,4,3.77,0.01399,0.94,39.33,1,0.25,5,0,0,0,
2026-03-11,530369678295,短视频,有没有人能懂一下，这款棉麻材质的床头靠背有多舒服！,826,29,37.70,0.03511,1.30,0.00,0,0,10,0,1,1,
2026-03-11,530039838129,短视频,好物分享l十字纹皮面抱枕,137,4,10.14,0.0292,2.54,0.00,0,0,0,0,0,0,
2026-03-11,529937770007,短视频,四季可用 中古异形沙发垫！,823,34,32.69,0.04131,0.96,35.34,1,0.02941,7,1,0,1,32.69
2026-03-11,529321370204,短视频,家的焕新好物l四季可用的异形沙发垫,564,26,44.31,0.0461,1.70,0.00,0,0,2,1,0,1,44.31
2026-03-11,528938064253,短视频,侘寂风长条抱枕  家居必备！,933,24,55.30,0.02572,2.30,564.30,1,0.04167,6,0,0,0,
2026-03-11,527170934899,短视频,没人能比我的蒲团更好看，因为我是。。,2902,73,67.20,0.02516,0.92,142.02,5,0.06849,10,2,0,2,33.60
2026-03-11,527134583803,短视频,我的椅子终于不再冷我的pp了！,872,41,38.31,0.04702,0.93,107.72,4,0.09756,5,0,0,0,
2026-03-11,526044575471,短视频,这款田园风格的垫子 四季可用快来看看吧!,3598,191,87.58,0.05309,0.46,405.76,21,0.10995,37,6,2,8,14.60
2026-03-11,525550264759,短视频,治愈系家居好物！链条绣\+毛巾绣粉郁金香抱枕，小众高级有品位,380,13,32.41,0.03421,2.49,117.25,3,0.23077,7,0,0,0,
2026-03-11,525484054336,短视频,好物分享l日式棉麻蒲团坐垫！,95,9,7.34,0.09474,0.82,55.10,2,0.22222,3,0,1,1,
2026-03-11,525149963536,短视频,温柔狙击！粉郁金香抱枕，双绣工艺，治愈力满分！,149,5,6.35,0.03356,1.27,32.56,1,0.2,8,0,0,0,
2026-03-11,525092257094,短视频,奶呼呼的南瓜圆枕，请查收！,1211,33,42.14,0.02725,1.28,86.24,2,0.06061,14,1,0,1,42.14
2026-03-11,522722596526,短视频,治愈系家居好物！能“摸”到花瓣的粉郁金香抱枕,380,5,3.97,0.01316,0.79,0.00,0,0,0,1,0,1,3.97
2026-03-11,522527933014,短视频,全棉帆布白底抱枕 立体毛巾绣小雏菊 可拆洗,954,24,50.10,0.02516,2.09,43.20,1,0.04167,3,0,0,0,
2026-03-11,521828092571,短视频,高级定制感！双工艺链条绣毛巾绣郁金香抱枕，小众格调家居必备,725,23,32.68,0.03172,1.42,34.32,1,0.04348,6,0,0,0,
2026-03-11,521206416875,短视频,毛巾绣郁金香抱枕！温柔裸粉色太戳心巴！,1962,82,152.83,0.04179,1.86,106.90,4,0.04878,27,0,0,0,
2026-03-11,520432630221,短视频,懒人沙发CP锁死！郁金香毛巾绣抱枕，宅家幸福感\+N,52,1,0.06,0.01923,0.06,0.00,0,0,0,0,0,0,
2026-03-11,520262215795,短视频,巨软糯的郁金香抱枕刺绣细节绝了，宅家幸福感超强,484,12,16.86,0.02479,1.41,0.00,0,0,1,0,0,0,
2026-03-11,506586023491,短视频,新年新气象，快来给自己的沙发装扮一下吧！,69,6,3.22,0.08696,0.54,0.00,0,0,0,0,0,0,
2026-03-11,502556087109,短视频,年关将至 给沙发换个新年装扮,15,0,0.00,0,,0.00,0,,0,0,0,0,
2026-03-11,501776323133,短视频,新年哪能少的了国风抱枕啊!!!,7,0,0.00,0,,0.00,0,,0,0,0,0,
2026-03-11,501594849529,短视频,新年抱枕上新~恭喜发财，共贺新春!,11,1,0.18,0.09091,0.18,0.00,0,0,0,0,0,0,
2026-03-11,448976611292,短视频,新年氛围感\|新年宅家布置,11,1,0.12,0.09091,0.12,0.00,0,0,0,0,0,0,
2026-03-11,447695134038,短视频,"日式棉麻蒲团,圆形胖墩墩,坐感舒适",337,4,4.94,0.01187,1.24,0.00,0,0,0,1,0,1,4.94
2026-03-11,447047544009,短视频,忍不住分享一个超老实的坐垫！,3015,150,265.85,0.04975,1.77,595.17,14,0.09333,44,3,0,3,88.62
2026-03-11,446578190359,短视频,100%全棉沙发垫，新年宅家必备,41,2,2.41,0.04878,1.21,0.00,0,0,0,0,0,0,
2026-03-11,446577394488,短视频,新年宅家，少不了的躺平伴侣,322,15,32.11,0.04658,2.14,334.96,4,0.26667,1,0,0,0,
2026-03-11,446175681460,短视频,我为什么没有早点买这个沙发垫！！！,69,0,0.00,0,,0.00,0,,0,0,0,0,
2026-03-11,445931457673,短视频,新年宅家，怎么少得了它！,154,0,0.00,0,,0.00,0,,0,0,0,0,
2026-03-10,555519041535,短视频,可爱家居,341,13,14.16,0.03812,1.09,52.10,1,0.07692,5,0,0,0,
2026-03-10,555458610849,短视频,奶油风的家,120,12,21.92,0.1,1.83,451.86,5,0.41667,6,0,0,0,
2026-03-10,555458290062,短视频,沙发垫的正确打开方式,213,9,24.38,0.04225,2.71,85.23,1,0.11111,4,0,0,0,
2026-03-10,555372737835,短视频,"黑白配的家,太高级了!",35,0,0.00,0,,0.00,0,,0,0,0,0,
2026-03-10,555372621340,短视频,高级感黑白灰客厅搭配,100,3,3.99,0.03,1.33,0.00,0,0,1,0,0,0,
2026-03-10,555312322684,短视频,抱枕的颜值真的太高了!,27,0,0.00,0,,0.00,0,,0,0,0,0,
2026-03-10,555306753035,短视频,沉浸式宅家\|我的古风小家,204,9,19.71,0.04412,2.19,0.00,0,0,3,2,0,2,9.86
2026-03-10,555293096238,短视频,侘寂风家里的野性点缀！黑白斑马毛巾绣抱枕，温柔中带点不羁,225,5,2.72,0.02222,0.54,0.00,0,0,1,0,0,0,
2026-03-10,555286652862,短视频,小众设计感艺术抱枕，为颜控而生，怎么搭都好看 ?,224,5,5.90,0.02232,1.18,0.00,0,0,0,0,0,0,
2026-03-10,555286004078,短视频,"黑白灰的家,太有氛围了",91,5,3.79,0.05495,0.76,0.00,0,0,1,0,0,0,
2026-03-10,555175200204,短视频,抱枕的颜值真的太高了!,315,3,6.52,0.00952,2.17,0.00,0,0,1,0,0,0,
2026-03-10,555126645572,短视频,这也太犯规了！蛋糕宝宝毛巾绣抱枕萌到爆炸，少女心收割机,55,1,3.44,0.01818,3.44,0.00,0,0,0,0,0,0,
2026-03-10,555125925749,短视频,复古又高级！毛茸茸挂耳狗抱枕，治愈系天花板！?,72,0,0.00,0,,0.00,0,,0,0,0,0,
2026-03-10,555119213859,短视频,"中古风的家,太爱了!",77,2,1.25,0.02597,0.63,0.00,0,0,0,0,0,0,
2026-03-10,555064662823,短视频,艺术生的私藏！手绘感抽象线条抱枕，每一根线条都长在审美点上,106,2,3.89,0.01887,1.95,0.00,0,0,0,0,0,0,
2026-03-10,555059874294,短视频,一眼心动！韩系ins风向日葵抱枕，氛围感绝了,1201,25,26.10,0.02082,1.04,55.94,2,0.08,0,1,1,2,26.10
2026-03-10,555007321455,短视频,黑白灰极简客厅布置,128,3,2.00,0.02344,0.67,0.00,0,0,0,0,0,0,
2026-03-10,554950138297,短视频,"黑白配,永远的经典",61,1,0.11,0.01639,0.11,0.00,0,0,0,0,0,0,
2026-03-10,554926163106,短视频,氛围感家居,271,12,3.96,0.04428,0.33,0.00,0,0,1,0,0,0,
2026-03-10,554817151105,短视频,法式轻奢香风客厅沙发抱枕,74,2,1.01,0.02703,0.51,0.00,0,0,2,0,0,0,
2026-03-10,554057120348,短视频,"黑白灰的家,太有氛围了",191,5,10.25,0.02618,2.05,0.00,0,0,1,0,0,0,
2026-03-10,553732269147,短视频,"复古风的家,太爱了!",265,11,13.52,0.04151,1.23,0.00,0,0,0,0,0,0,
2026-03-10,553375677357,短视频,靠它,1617,63,124.39,0.03896,1.97,406.65,7,0.11111,22,0,2,2,
2026-03-10,553306503958,短视频,治愈系小家!,247,12,11.87,0.04858,0.99,0.00,0,0,3,0,0,0,
2026-03-10,553203143361,短视频,日光下的舒适,206,6,10.52,0.02913,1.75,0.00,0,0,8,0,0,0,
2026-03-10,553202691374,短视频,温暖的家可靠的它,48,1,0.61,0.02083,0.61,0.00,0,0,0,0,0,0,
2026-03-10,553097912376,短视频,居家放松\|我的卧室我做主,182,6,12.95,0.03297,2.16,46.55,1,0.16667,4,0,0,0,
2026-03-10,552764607058,短视频,一眼惊艳的抱枕,18,1,2.78,0.05556,2.78,0.00,0,0,0,0,0,0,
2026-03-10,552740205709,短视频,摸摸，轻飘柔顺,203,9,21.93,0.04433,2.44,0.00,0,0,2,1,0,1,21.93
2026-03-10,552596420231,短视频,"轻奢风的家,太爱了",25,0,0.00,0,,0.00,0,,0,0,0,0,
2026-03-10,552596348379,短视频,你的小小后背,35,0,0.00,0,,0.00,0,,0,0,0,0,
2026-03-10,552363453358,短视频,摸摸它的顺滑触感,284,21,35.92,0.07394,1.71,0.00,0,0,5,0,1,1,
2026-03-10,552231329831,短视频,试试抱着它吧温暖又舒适,18,1,0.24,0.05556,0.24,0.00,0,0,0,0,0,0,
2026-03-10,552045763549,短视频,"全棉的它,让你爱不释手",324,21,24.69,0.06481,1.18,93.10,1,0.04762,2,0,0,0,
2026-03-10,552037351613,短视频,四季可用沙发垫，法式氛围感瞬间拉满,7,0,0.00,0,,0.00,0,,0,0,0,0,
2026-03-10,552037323877,短视频,好物分享l异形经典百搭沙发垫,47,1,0.81,0.02128,0.81,0.00,0,0,1,0,0,0,
2026-03-10,551988272115,短视频,客厅布置\|我的梦中情房,408,33,30.53,0.08088,0.93,0.00,0,0,7,0,0,0,
2026-03-10,551987968238,短视频,秋冬氛围感沙发垫分享,598,40,47.42,0.06689,1.19,59.16,1,0.025,5,1,0,1,47.42
2026-03-10,551954728795,短视频,"四季款沙发垫,客厅必备",134,3,8.05,0.02239,2.68,0.00,0,0,0,0,0,0,
2026-03-10,551847925090,短视频,原创设计｜立体毛巾绣苹果兔抱枕,125,8,31.84,0.064,3.98,133.60,3,0.375,10,0,0,0,
2026-03-10,551847585424,短视频,复古绿斑马纹理抱枕｜3D立体毛巾绣 不撞款的客厅焦点,16,0,0.00,0,,0.00,0,,0,0,0,0,
2026-03-10,551847181252,短视频,法式蝴蝶结抱枕 重工立体毛巾绣 点亮轻奢复古客厅,131,0,0.00,0,,0.00,0,,0,0,0,0,
2026-03-10,551806282033,短视频,沙发床上的小惊喜 五彩立体调色盘抱枕 让居家时光更活泼,7,1,1.06,0.14286,1.06,0.00,0,0,0,0,0,0,
2026-03-10,551805838141,短视频,【重磅刺绣】新年礼物红色RICH抱枕，提升家居格调必入,2,0,0.00,0,,0.00,0,,0,0,0,0,
2026-03-10,551794657208,短视频,"沙发垫这样选,好看又耐脏",229,21,32.25,0.0917,1.54,75.90,1,0.04762,7,0,0,0,
2026-03-10,551754190216,短视频,黑白灰极简风的客厅布置,13,0,0.00,0,,0.00,0,,0,0,0,0,
2026-03-10,551753738339,短视频,我真的太会买沙发垫了!,184,11,12.44,0.05978,1.13,0.00,0,0,1,0,0,0,
2026-03-10,551683495744,短视频,低饱和粉调郁金香抱枕 做旧质感毛巾绣 不甜腻的复古浪漫,367,11,29.52,0.02997,2.68,70.20,2,0.18182,3,0,0,0,
2026-03-10,551638039646,短视频,冬天的沙发垫我选半边绒,31,0,0.00,0,,0.00,0,,0,0,0,0,
2026-03-10,551561140322,短视频,质量杠杠的,170,8,21.34,0.04706,2.67,110.20,2,0.25,1,0,0,0,
2026-03-10,551413092616,短视频,"轻奢风沙发垫,四季通用",12,0,0.00,0,,0.00,0,,0,0,0,0,
2026-03-10,551253461002,短视频,新年布置\|年味十足的家,30,0,0.00,0,,0.00,0,,0,0,0,0,
2026-03-10,551252909318,短视频,美式高级感黑白斑马纹抱枕,5,0,0.00,0,,0.00,0,,0,0,0,0,
2026-03-10,551093875439,短视频,"复古田园风,让家更温馨",120,9,4.05,0.075,0.45,0.00,0,0,1,0,0,0,
2026-03-10,550985212692,短视频,新年氛围感家居好物分享,5,0,0.00,0,,0.00,0,,0,0,0,0,
2026-03-10,550787494876,短视频,"冬天宅家,当然要暖暖的啦",17,0,0.00,0,,0.00,0,,0,0,0,0,
2026-03-10,550669771841,短视频,法式复古雪尼尔沙发垫,10,0,0.00,0,,0.00,0,,0,0,0,0,
2026-03-10,550599421042,短视频,新年氛围感沙发垫分享,416,24,26.56,0.05769,1.11,141.95,3,0.125,3,2,0,2,13.28
2026-03-10,549622833146,短视频,新年氛围感\|我的年味小家,6,0,0.00,0,,0.00,0,,0,0,0,0,
2026-03-10,549462880694,短视频,新年布置\|我的年味小家,34,0,0.00,0,,0.00,0,,0,0,0,0,
2026-03-10,549059103368,短视频,新年氛围感家居好物分享,11,0,0.00,0,,0.00,0,,0,0,0,0,
2026-03-10,548713580814,短视频,M.life 中古风雪尼尔沙发垫高级感异形沙发套罩布巾四季款防猫抓,8700,191,99.83,0.02195,0.52,103.28,1,0.00524,10,1,0,1,99.83
2026-03-10,548656188901,短视频,新年氛围感家居好物分享,74,5,4.14,0.06757,0.83,0.00,0,0,2,0,0,0,
2026-03-10,548418767636,短视频,M.life 中古风异形小球球沙发垫高级感客厅沙发套罩布巾秋冬款,6015,148,97.81,0.02461,0.66,0.00,0,0,8,0,0,0,
2026-03-10,548406935891,短视频,M.life 床头软包靠背罩实木防撞软垫卧室改造床靠背枕方便可拆洗,5889,185,98.38,0.03141,0.53,143.72,1,0.00541,20,2,0,2,49.19
2026-03-10,547930443749,短视频,新年布置\|新中式客厅,999,45,59.25,0.04505,1.32,538.06,4,0.08889,17,3,0,3,19.75
2026-03-10,544620767154,短视频,新年氛围感家居好物分享,8,0,0.00,0,,0.00,0,,0,0,0,0,
2026-03-10,542627036326,短视频,好物分享l 秋冬毛绒抱枕来了,40,1,0.47,0.025,0.47,0.00,0,0,0,0,0,0,
2026-03-10,540791442966,短视频,慢生活mlife家居生活新风尚,1015,36,78.51,0.03547,2.18,114.95,1,0.02778,5,0,0,0,
2026-03-10,538016252131,短视频,四季通用的玉米绒沙发垫,196,5,3.66,0.02551,0.73,0.00,0,0,1,0,0,0,
2026-03-10,538015372788,短视频,"绣雏菊沙发垫,让家更温馨",1270,43,52.36,0.03386,1.22,0.00,0,0,6,2,0,2,26.18
2026-03-10,537916670586,短视频,好物分享l水洗全棉四季可用沙发垫,1048,63,84.79,0.06011,1.35,0.00,0,0,25,0,0,0,
2026-03-10,537573440852,短视频,软萌好RUA！原创毛巾绣苹果兔抱枕，萌趣满分！,52,3,3.58,0.05769,1.19,0.00,0,0,0,0,0,0,
2026-03-10,536415651226,短视频,?一整个爱住！这颗毛茸茸的红苹果，软fufu到心巴上～,354,10,9.74,0.02825,0.97,0.00,0,0,0,0,0,0,
2026-03-10,536415559340,短视频,小众控必入！神仙颜值的满绣苔藓抱枕来了！,2255,56,75.75,0.02483,1.35,108.58,2,0.03571,13,2,1,3,37.88
2026-03-10,535585082897,短视频,萌化了！原创苹果兔毛巾绣抱枕，毛茸茸手感太上头！,540,11,17.30,0.02037,1.57,0.00,0,0,6,0,1,1,
2026-03-10,535447529073,短视频,绝非普通印花！解锁毛巾绣斑马抱枕，拯救单调沙发！,254,5,7.15,0.01969,1.43,0.00,0,0,0,0,0,0,
2026-03-10,535241842685,短视频,谁还没拥有这款蝴蝶结抱枕 ！,2099,53,86.74,0.02525,1.64,65.90,2,0.03774,22,0,0,0,
2026-03-10,532636393176,短视频,这款复古客厅少女心沙发抱枕真是颜值担当！,201,11,9.78,0.05473,0.89,0.00,0,0,3,1,0,1,9.78
2026-03-10,532515685685,短视频,软！萌！暖！原创苹果兔毛巾绣抱枕，治愈系抱感来袭~,1686,43,76.72,0.0255,1.78,383.84,8,0.18605,31,1,2,3,76.72
2026-03-10,531569199631,短视频,“它”在等你回家！精致毛巾绣苹果兔抱枕，赋予家居温度与灵魂。,1092,71,171.32,0.06502,2.41,206.07,5,0.07042,21,0,0,0,
2026-03-10,530797208465,短视频,高级感玉米绒四季可用软fufu靠背！,1453,48,70.45,0.03304,1.47,289.40,3,0.0625,13,0,0,0,
2026-03-10,530750622143,短视频,谁家还没有买这款三角形软靠背，真是超级舒服！,278,7,6.49,0.02518,0.93,0.00,0,0,0,0,0,0,
2026-03-10,530699336540,短视频,儿童房软装必备的软fufu靠背！,473,14,17.96,0.0296,1.28,0.00,0,0,0,0,0,0,
2026-03-10,530696684580,短视频,居家必备，软靠背放在任何角落都行！,21,1,0.19,0.04762,0.19,0.00,0,0,0,0,0,0,
2026-03-10,530696308316,短视频,谁还没有这款床头靠背啊！真是太舒服了！,181,6,9.95,0.03315,1.66,0.00,0,0,2,0,1,1,
2026-03-10,530647050636,短视频,软包幸福感，北欧现代百搭靠背,1206,67,84.76,0.05556,1.27,0.00,0,0,9,0,0,0,
2026-03-10,530418176209,短视频,入冬了，谁家还没铺上这款绒感地垫啊！,159,5,1.73,0.03145,0.35,0.00,0,0,1,0,0,0,
2026-03-10,530369678295,短视频,有没有人能懂一下，这款棉麻材质的床头靠背有多舒服！,1249,38,51.65,0.03042,1.36,0.00,0,0,3,0,0,0,
2026-03-10,530039838129,短视频,好物分享l十字纹皮面抱枕,120,5,8.82,0.04167,1.76,0.00,0,0,0,0,0,0,
2026-03-10,529937770007,短视频,四季可用 中古异形沙发垫！,444,20,21.60,0.04505,1.08,70.65,2,0.1,1,0,0,0,
2026-03-10,529321370204,短视频,家的焕新好物l四季可用的异形沙发垫,651,41,72.27,0.06298,1.76,144.49,2,0.04878,8,0,0,0,
2026-03-10,528938064253,短视频,侘寂风长条抱枕  家居必备！,1155,26,44.86,0.02251,1.73,71.25,1,0.03846,4,0,0,0,
2026-03-10,527170934899,短视频,没人能比我的蒲团更好看，因为我是。。,1555,33,28.93,0.02122,0.88,61.31,2,0.06061,1,1,1,2,28.93
2026-03-10,527134583803,短视频,我的椅子终于不再冷我的pp了！,1102,43,38.27,0.03902,0.89,135.05,2,0.04651,1,0,0,0,
2026-03-10,526044575471,短视频,这款田园风格的垫子 四季可用快来看看吧!,3737,173,86.83,0.04629,0.50,259.24,15,0.08671,32,2,2,4,43.42
2026-03-10,525550264759,短视频,治愈系家居好物！链条绣\+毛巾绣粉郁金香抱枕，小众高级有品位,105,1,0.05,0.00952,0.05,0.00,0,0,0,0,0,0,
2026-03-10,525484054336,短视频,好物分享l日式棉麻蒲团坐垫！,200,9,9.61,0.045,1.07,0.00,0,0,6,0,0,0,
2026-03-10,525149963536,短视频,温柔狙击！粉郁金香抱枕，双绣工艺，治愈力满分！,76,2,2.88,0.02632,1.44,0.00,0,0,0,0,0,0,
2026-03-10,525092257094,短视频,奶呼呼的南瓜圆枕，请查收！,894,27,26.53,0.0302,0.98,216.40,5,0.18519,16,4,0,4,6.63
2026-03-10,524754881004,短视频,? 给沙发加个“艺术展”！毛巾绣抱枕，小众品味之选~,1,1,0.79,1,0.79,0.00,0,0,0,0,0,0,
2026-03-10,522722596526,短视频,治愈系家居好物！能“摸”到花瓣的粉郁金香抱枕,841,35,55.27,0.04162,1.58,34.32,1,0.02857,8,1,0,1,55.27
2026-03-10,522527933014,短视频,全棉帆布白底抱枕 立体毛巾绣小雏菊 可拆洗,1992,61,64.21,0.03062,1.05,0.00,0,0,14,1,0,1,64.21
2026-03-10,521828092571,短视频,高级定制感！双工艺链条绣毛巾绣郁金香抱枕，小众格调家居必备,1427,48,51.55,0.03364,1.07,196.00,4,0.08333,20,1,1,2,51.55
2026-03-10,521206416875,短视频,毛巾绣郁金香抱枕！温柔裸粉色太戳心巴！,1293,43,64.44,0.03326,1.50,310.27,7,0.16279,9,1,0,1,64.44
2026-03-10,520432630221,短视频,懒人沙发CP锁死！郁金香毛巾绣抱枕，宅家幸福感\+N,95,0,0.00,0,,0.00,0,,0,0,0,0,
2026-03-10,520262215795,短视频,巨软糯的郁金香抱枕刺绣细节绝了，宅家幸福感超强,1084,23,26.29,0.02122,1.14,32.19,1,0.04348,7,3,0,3,8.76
2026-03-10,506586023491,短视频,新年新气象，快来给自己的沙发装扮一下吧！,38,0,0.00,0,,0.00,0,,0,0,0,0,
2026-03-10,502556087109,短视频,年关将至 给沙发换个新年装扮,12,0,0.00,0,,0.00,0,,0,0,0,0,
2026-03-10,501776323133,短视频,新年哪能少的了国风抱枕啊!!!,4,0,0.00,0,,0.00,0,,0,0,0,0,
2026-03-10,501594849529,短视频,新年抱枕上新~恭喜发财，共贺新春!,10,0,0.00,0,,0.00,0,,0,0,0,0,
2026-03-10,448976611292,短视频,新年氛围感\|新年宅家布置,9,0,0.00,0,,0.00,0,,0,0,0,0,
2026-03-10,447695134038,短视频,"日式棉麻蒲团,圆形胖墩墩,坐感舒适",138,9,7.35,0.06522,0.82,0.00,0,0,1,1,0,1,7.35
2026-03-10,447047544009,短视频,忍不住分享一个超老实的坐垫！,2665,176,227.92,0.06604,1.30,937.96,28,0.15909,39,4,1,5,56.98
2026-03-10,446578190359,短视频,100%全棉沙发垫，新年宅家必备,53,4,5.63,0.07547,1.41,0.00,0,0,1,0,0,0,
2026-03-10,446577394488,短视频,新年宅家，少不了的躺平伴侣,265,4,4.29,0.01509,1.07,0.00,0,0,0,0,0,0,
2026-03-10,446175681460,短视频,我为什么没有早点买这个沙发垫！！！,23,0,0.00,0,,0.00,0,,0,0,0,0,
2026-03-10,445931457673,短视频,新年宅家，怎么少得了它！,135,4,1.89,0.02963,0.47,0.00,0,0,3,0,0,0,
2026-03-09,555519041535,短视频,可爱家居,316,5,13.60,0.01582,2.72,0.00,0,0,0,0,0,0,
2026-03-09,555458610849,短视频,奶油风的家,56,3,5.16,0.05357,1.72,0.00,0,0,5,0,0,0,
2026-03-09,555458290062,短视频,沙发垫的正确打开方式,158,9,12.84,0.05696,1.43,0.00,0,0,1,0,0,0,
2026-03-09,555372737835,短视频,"黑白配的家,太高级了!",33,1,0.29,0.0303,0.29,0.00,0,0,0,0,0,0,
2026-03-09,555372621340,短视频,高级感黑白灰客厅搭配,57,1,4.02,0.01754,4.02,0.00,0,0,0,0,0,0,
2026-03-09,555312322684,短视频,抱枕的颜值真的太高了!,27,2,1.65,0.07407,0.83,0.00,0,0,0,0,0,0,
2026-03-09,555306753035,短视频,沉浸式宅家\|我的古风小家,145,1,3.26,0.0069,3.26,0.00,0,0,0,0,0,0,
2026-03-09,555293096238,短视频,侘寂风家里的野性点缀！黑白斑马毛巾绣抱枕，温柔中带点不羁,148,2,2.85,0.01351,1.43,0.00,0,0,0,0,0,0,
2026-03-09,555286652862,短视频,小众设计感艺术抱枕，为颜控而生，怎么搭都好看 ?,230,3,2.75,0.01304,0.92,0.00,0,0,0,0,0,0,
2026-03-09,555286004078,短视频,"黑白灰的家,太有氛围了",87,2,1.54,0.02299,0.77,0.00,0,0,0,0,0,0,
2026-03-09,555175200204,短视频,抱枕的颜值真的太高了!,576,19,36.67,0.03299,1.93,100.57,2,0.10526,11,0,0,0,
2026-03-09,555126645572,短视频,这也太犯规了！蛋糕宝宝毛巾绣抱枕萌到爆炸，少女心收割机,26,0,0.00,0,,0.00,0,,0,0,0,0,
2026-03-09,555125925749,短视频,复古又高级！毛茸茸挂耳狗抱枕，治愈系天花板！?,66,2,6.40,0.0303,3.20,0.00,0,0,0,0,0,0,
2026-03-09,555119213859,短视频,"中古风的家,太爱了!",53,2,6.25,0.03774,3.13,0.00,0,0,0,0,0,0,
2026-03-09,555064662823,短视频,艺术生的私藏！手绘感抽象线条抱枕，每一根线条都长在审美点上,115,3,2.39,0.02609,0.80,0.00,0,0,0,0,0,0,
2026-03-09,555059874294,短视频,一眼心动！韩系ins风向日葵抱枕，氛围感绝了,1603,33,40.19,0.02059,1.22,140.00,2,0.06061,6,0,0,0,
2026-03-09,555007321455,短视频,黑白灰极简客厅布置,66,3,7.04,0.04545,2.35,0.00,0,0,0,0,0,0,
2026-03-09,554950138297,短视频,"黑白配,永远的经典",33,1,0.16,0.0303,0.16,0.00,0,0,0,0,0,0,
2026-03-09,554926163106,短视频,氛围感家居,179,7,2.83,0.03911,0.40,0.00,0,0,0,0,0,0,
2026-03-09,554817151105,短视频,法式轻奢香风客厅沙发抱枕,86,1,0.11,0.01163,0.11,0.00,0,0,0,0,0,0,
2026-03-09,554057120348,短视频,"黑白灰的家,太有氛围了",196,7,8.92,0.03571,1.27,73.92,1,0.14286,1,0,0,0,
2026-03-09,553732269147,短视频,"复古风的家,太爱了!",275,12,17.53,0.04364,1.46,193.41,2,0.16667,10,3,0,3,5.84
2026-03-09,553375677357,短视频,靠它,1897,71,145.30,0.03743,2.05,720.64,15,0.21127,31,1,1,2,145.30
2026-03-09,553306503958,短视频,治愈系小家!,176,7,4.24,0.03977,0.61,0.00,0,0,0,0,0,0,
2026-03-09,553203143361,短视频,日光下的舒适,227,6,3.60,0.02643,0.60,0.00,0,0,4,0,0,0,
2026-03-09,553202691374,短视频,温暖的家可靠的它,50,4,6.01,0.08,1.50,0.00,0,0,0,0,0,0,
2026-03-09,553097912376,短视频,居家放松\|我的卧室我做主,272,8,9.52,0.02941,1.19,34.32,1,0.125,1,0,0,0,
2026-03-09,552764607058,短视频,一眼惊艳的抱枕,10,0,0.00,0,,0.00,0,,0,0,0,0,
2026-03-09,552740205709,短视频,摸摸，轻飘柔顺,225,10,14.40,0.04444,1.44,96.25,2,0.2,0,0,0,0,
2026-03-09,552596420231,短视频,"轻奢风的家,太爱了",30,1,0.39,0.03333,0.39,0.00,0,0,0,0,0,0,
2026-03-09,552596348379,短视频,你的小小后背,67,0,0.00,0,,0.00,0,,0,0,0,0,
2026-03-09,552363453358,短视频,摸摸它的顺滑触感,349,29,39.68,0.08309,1.37,53.44,1,0.03448,10,1,0,1,39.68
2026-03-09,552231329831,短视频,试试抱着它吧温暖又舒适,48,0,0.00,0,,0.00,0,,0,0,0,0,
2026-03-09,552045763549,短视频,"全棉的它,让你爱不释手",402,20,14.01,0.04975,0.70,0.00,0,0,5,0,0,0,
2026-03-09,552037351613,短视频,四季可用沙发垫，法式氛围感瞬间拉满,3,0,0.00,0,,0.00,0,,0,0,0,0,
2026-03-09,552037323877,短视频,好物分享l异形经典百搭沙发垫,47,1,0.47,0.02128,0.47,0.00,0,0,1,0,0,0,
2026-03-09,551988272115,短视频,客厅布置\|我的梦中情房,29,2,0.86,0.06897,0.43,0.00,0,0,0,0,0,0,
2026-03-09,551987968238,短视频,秋冬氛围感沙发垫分享,1016,54,46.13,0.05315,0.85,94.46,1,0.01852,13,0,1,1,
2026-03-09,551954728795,短视频,"四季款沙发垫,客厅必备",110,4,8.17,0.03636,2.04,59.53,1,0.25,0,0,0,0,
2026-03-09,551847925090,短视频,原创设计｜立体毛巾绣苹果兔抱枕,130,5,17.75,0.03846,3.55,0.00,0,0,1,0,0,0,
2026-03-09,551847585424,短视频,复古绿斑马纹理抱枕｜3D立体毛巾绣 不撞款的客厅焦点,18,0,0.00,0,,0.00,0,,0,0,0,0,
2026-03-09,551847181252,短视频,法式蝴蝶结抱枕 重工立体毛巾绣 点亮轻奢复古客厅,168,7,7.18,0.04167,1.03,40.94,1,0.14286,5,0,0,0,
2026-03-09,551806282033,短视频,沙发床上的小惊喜 五彩立体调色盘抱枕 让居家时光更活泼,5,0,0.00,0,,0.00,0,,0,0,0,0,
2026-03-09,551805838141,短视频,【重磅刺绣】新年礼物红色RICH抱枕，提升家居格调必入,2,0,0.00,0,,0.00,0,,0,0,0,0,
2026-03-09,551794657208,短视频,"沙发垫这样选,好看又耐脏",122,19,49.80,0.15574,2.62,93.80,1,0.05263,4,1,0,1,49.80
2026-03-09,551754190216,短视频,黑白灰极简风的客厅布置,7,0,0.00,0,,0.00,0,,0,0,0,0,
2026-03-09,551753738339,短视频,我真的太会买沙发垫了!,267,8,10.71,0.02996,1.34,53.78,1,0.125,3,0,0,0,
2026-03-09,551683495744,短视频,低饱和粉调郁金香抱枕 做旧质感毛巾绣 不甜腻的复古浪漫,476,19,41.05,0.03992,2.16,72.96,1,0.05263,14,1,0,1,41.05
2026-03-09,551638039646,短视频,冬天的沙发垫我选半边绒,19,0,0.00,0,,0.00,0,,0,0,0,0,
2026-03-09,551561140322,短视频,质量杠杠的,419,21,41.55,0.05012,1.98,0.00,0,0,6,0,0,0,
2026-03-09,551413092616,短视频,"轻奢风沙发垫,四季通用",4,0,0.00,0,,0.00,0,,0,0,0,0,
2026-03-09,551253461002,短视频,新年布置\|年味十足的家,33,0,0.00,0,,0.00,0,,0,0,0,0,
2026-03-09,551252909318,短视频,美式高级感黑白斑马纹抱枕,2,0,0.00,0,,0.00,0,,0,0,0,0,
2026-03-09,551093875439,短视频,"复古田园风,让家更温馨",104,6,4.51,0.05769,0.75,0.00,0,0,2,0,0,0,
2026-03-09,550985212692,短视频,新年氛围感家居好物分享,9,0,0.00,0,,0.00,0,,0,0,0,0,
2026-03-09,550787494876,短视频,"冬天宅家,当然要暖暖的啦",4,0,0.00,0,,0.00,0,,0,0,0,0,
2026-03-09,550669771841,短视频,法式复古雪尼尔沙发垫,6,0,0.00,0,,0.00,0,,0,0,0,0,
2026-03-09,550599421042,短视频,新年氛围感沙发垫分享,399,22,22.36,0.05514,1.02,128.62,2,0.09091,5,0,1,1,
2026-03-09,549622833146,短视频,新年氛围感\|我的年味小家,8,0,0.00,0,,0.00,0,,0,0,0,0,
2026-03-09,549462880694,短视频,新年布置\|我的年味小家,22,0,0.00,0,,0.00,0,,0,0,0,0,
2026-03-09,549059103368,短视频,新年氛围感家居好物分享,13,1,0.26,0.07692,0.26,0.00,0,0,0,0,0,0,
2026-03-09,548713580814,短视频,M.life 中古风雪尼尔沙发垫高级感异形沙发套罩布巾四季款防猫抓,8934,181,96.34,0.02026,0.53,249.40,3,0.01657,31,2,0,2,48.17
2026-03-09,548656188901,短视频,新年氛围感家居好物分享,56,4,4.60,0.07143,1.15,0.00,0,0,0,0,0,0,
2026-03-09,548418767636,短视频,M.life 中古风异形小球球沙发垫高级感客厅沙发套罩布巾秋冬款,8499,193,99.27,0.02271,0.51,0.00,0,0,16,9,0,9,11.03
2026-03-09,548406935891,短视频,M.life 床头软包靠背罩实木防撞软垫卧室改造床靠背枕方便可拆洗,6608,202,98.79,0.03057,0.49,430.70,3,0.01485,35,2,0,2,49.40
2026-03-09,547930443749,短视频,新年布置\|新中式客厅,805,37,59.17,0.04596,1.60,80.00,2,0.05405,14,1,0,1,59.17
2026-03-09,544620767154,短视频,新年氛围感家居好物分享,11,1,0.25,0.09091,0.25,0.00,0,0,0,0,0,0,
2026-03-09,542627036326,短视频,好物分享l 秋冬毛绒抱枕来了,38,0,0.00,0,,0.00,0,,0,0,0,0,
2026-03-09,540791442966,短视频,慢生活mlife家居生活新风尚,774,36,78.10,0.04651,2.17,55.90,1,0.02778,5,0,0,0,
2026-03-09,538016252131,短视频,四季通用的玉米绒沙发垫,160,3,2.12,0.01875,0.71,0.00,0,0,6,1,0,1,2.12
2026-03-09,538015372788,短视频,"绣雏菊沙发垫,让家更温馨",1241,60,62.31,0.04835,1.04,461.70,4,0.06667,9,4,1,5,15.58
2026-03-09,537916670586,短视频,好物分享l水洗全棉四季可用沙发垫,894,67,76.00,0.07494,1.13,0.00,0,0,7,2,1,3,38.00
2026-03-09,537573440852,短视频,软萌好RUA！原创毛巾绣苹果兔抱枕，萌趣满分！,54,2,4.52,0.03704,2.26,0.00,0,0,0,0,0,0,
2026-03-09,536415651226,短视频,?一整个爱住！这颗毛茸茸的红苹果，软fufu到心巴上～,303,9,13.91,0.0297,1.55,76.54,2,0.22222,2,0,0,0,
2026-03-09,536415559340,短视频,小众控必入！神仙颜值的满绣苔藓抱枕来了！,1726,61,75.21,0.03534,1.23,251.26,6,0.09836,15,2,0,2,37.61
2026-03-09,535585082897,短视频,萌化了！原创苹果兔毛巾绣抱枕，毛茸茸手感太上头！,495,14,21.95,0.02828,1.57,74.78,2,0.14286,2,1,0,1,21.95
2026-03-09,535447529073,短视频,绝非普通印花！解锁毛巾绣斑马抱枕，拯救单调沙发！,342,5,12.66,0.01462,2.53,0.00,0,0,2,0,0,0,
2026-03-09,535241842685,短视频,谁还没拥有这款蝴蝶结抱枕 ！,2095,52,90.32,0.02482,1.74,390.48,10,0.19231,17,2,2,4,45.16
2026-03-09,532636393176,短视频,这款复古客厅少女心沙发抱枕真是颜值担当！,218,9,11.05,0.04128,1.23,0.00,0,0,1,0,1,1,
2026-03-09,532515685685,短视频,软！萌！暖！原创苹果兔毛巾绣抱枕，治愈系抱感来袭~,1184,31,82.76,0.02618,2.67,178.91,4,0.12903,17,0,0,0,
2026-03-09,531569199631,短视频,“它”在等你回家！精致毛巾绣苹果兔抱枕，赋予家居温度与灵魂。,1217,56,167.83,0.04601,3.00,426.35,10,0.17857,40,0,1,1,
2026-03-09,530797208465,短视频,高级感玉米绒四季可用软fufu靠背！,990,35,52.55,0.03535,1.50,121.32,2,0.05714,6,0,0,0,
2026-03-09,530750622143,短视频,谁家还没有买这款三角形软靠背，真是超级舒服！,338,17,26.17,0.0503,1.54,127.00,1,0.05882,2,2,0,2,13.09
2026-03-09,530699336540,短视频,儿童房软装必备的软fufu靠背！,387,24,26.11,0.06202,1.09,379.04,7,0.29167,47,1,1,2,26.11
2026-03-09,530696684580,短视频,居家必备，软靠背放在任何角落都行！,5,1,0.26,0.2,0.26,0.00,0,0,0,0,0,0,
2026-03-09,530696308316,短视频,谁还没有这款床头靠背啊！真是太舒服了！,178,8,4.68,0.04494,0.59,0.00,0,0,0,0,0,0,
2026-03-09,530647050636,短视频,软包幸福感，北欧现代百搭靠背,1429,76,94.95,0.05318,1.25,0.00,0,0,12,1,0,1,94.95
2026-03-09,530418176209,短视频,入冬了，谁家还没铺上这款绒感地垫啊！,116,4,1.63,0.03448,0.41,0.00,0,0,0,0,0,0,
2026-03-09,530369678295,短视频,有没有人能懂一下，这款棉麻材质的床头靠背有多舒服！,1090,37,62.27,0.03394,1.68,531.68,4,0.10811,3,2,0,2,31.14
2026-03-09,530039838129,短视频,好物分享l十字纹皮面抱枕,198,8,10.63,0.0404,1.33,0.00,0,0,0,0,0,0,
2026-03-09,529937770007,短视频,四季可用 中古异形沙发垫！,878,39,44.23,0.04442,1.13,41.24,1,0.02564,8,1,0,1,44.23
2026-03-09,529321370204,短视频,家的焕新好物l四季可用的异形沙发垫,303,13,36.92,0.0429,2.84,0.00,0,0,1,0,0,0,
2026-03-09,528938064253,短视频,侘寂风长条抱枕  家居必备！,635,28,50.00,0.04409,1.79,151.70,3,0.10714,6,0,0,0,
2026-03-09,527170934899,短视频,没人能比我的蒲团更好看，因为我是。。,2278,55,60.13,0.02414,1.09,304.94,9,0.16364,15,0,0,0,
2026-03-09,527134583803,短视频,我的椅子终于不再冷我的pp了！,323,13,9.27,0.04025,0.71,0.00,0,0,1,0,0,0,
2026-03-09,526044575471,短视频,这款田园风格的垫子 四季可用快来看看吧!,3351,175,93.26,0.05222,0.53,364.20,18,0.10286,42,1,2,3,93.26
2026-03-09,525550264759,短视频,治愈系家居好物！链条绣\+毛巾绣粉郁金香抱枕，小众高级有品位,119,3,3.07,0.02521,1.02,0.00,0,0,1,0,0,0,
2026-03-09,525484054336,短视频,好物分享l日式棉麻蒲团坐垫！,191,11,5.05,0.05759,0.46,93.83,4,0.36364,6,0,0,0,
2026-03-09,525149963536,短视频,温柔狙击！粉郁金香抱枕，双绣工艺，治愈力满分！,59,1,2.55,0.01695,2.55,33.52,1,1,1,0,0,0,
2026-03-09,525092257094,短视频,奶呼呼的南瓜圆枕，请查收！,542,23,24.98,0.04244,1.09,0.00,0,0,7,1,0,1,24.98
2026-03-09,524754881004,短视频,? 给沙发加个“艺术展”！毛巾绣抱枕，小众品味之选~,0,0,0.00,,,0.00,0,,0,0,0,0,
2026-03-09,522722596526,短视频,治愈系家居好物！能“摸”到花瓣的粉郁金香抱枕,54,0,0.00,0,,0.00,0,,0,0,0,0,
2026-03-09,522527933014,短视频,全棉帆布白底抱枕 立体毛巾绣小雏菊 可拆洗,1298,41,54.67,0.03159,1.33,76.54,2,0.04878,10,1,0,1,54.67
2026-03-09,521828092571,短视频,高级定制感！双工艺链条绣毛巾绣郁金香抱枕，小众格调家居必备,1298,47,84.40,0.03621,1.80,108.41,3,0.06383,7,0,0,0,
2026-03-09,521206416875,短视频,毛巾绣郁金香抱枕！温柔裸粉色太戳心巴！,1084,33,48.38,0.03044,1.47,31.80,1,0.0303,11,0,0,0,
2026-03-09,520432630221,短视频,懒人沙发CP锁死！郁金香毛巾绣抱枕，宅家幸福感\+N,74,1,1.81,0.01351,1.81,0.00,0,0,0,0,0,0,
2026-03-09,520262215795,短视频,巨软糯的郁金香抱枕刺绣细节绝了，宅家幸福感超强,1262,39,53.74,0.0309,1.38,0.00,0,0,9,0,0,0,
2026-03-09,506586023491,短视频,新年新气象，快来给自己的沙发装扮一下吧！,43,1,0.08,0.02326,0.08,0.00,0,0,0,0,0,0,
2026-03-09,502556087109,短视频,年关将至 给沙发换个新年装扮,5,0,0.00,0,,0.00,0,,0,0,0,0,
2026-03-09,501776323133,短视频,新年哪能少的了国风抱枕啊!!!,9,1,0.72,0.11111,0.72,0.00,0,0,0,0,1,1,
2026-03-09,501594849529,短视频,新年抱枕上新~恭喜发财，共贺新春!,17,1,0.12,0.05882,0.12,0.00,0,0,0,0,0,0,
2026-03-09,448976611292,短视频,新年氛围感\|新年宅家布置,6,1,0.87,0.16667,0.87,0.00,0,0,0,0,0,0,
2026-03-09,447695134038,短视频,"日式棉麻蒲团,圆形胖墩墩,坐感舒适",182,4,2.34,0.02198,0.59,0.00,0,0,0,0,0,0,
2026-03-09,447047544009,短视频,忍不住分享一个超老实的坐垫！,3000,173,231.47,0.05767,1.34,512.85,14,0.08092,55,3,0,3,77.16
2026-03-09,446578190359,短视频,100%全棉沙发垫，新年宅家必备,25,0,0.00,0,,0.00,0,,0,0,0,0,
2026-03-09,446577394488,短视频,新年宅家，少不了的躺平伴侣,236,8,8.63,0.0339,1.08,69.50,1,0.125,0,0,0,0,
2026-03-09,446175681460,短视频,我为什么没有早点买这个沙发垫！！！,24,3,3.19,0.125,1.06,0.00,0,0,1,0,0,0,
2026-03-09,445931457673,短视频,新年宅家，怎么少得了它！,74,5,7.67,0.06757,1.53,0.00,0,0,1,0,0,0,
2026-03-08,555519041535,短视频,可爱家居,154,6,7.56,0.03896,1.26,0.00,0,0,0,0,0,0,
2026-03-08,555458610849,短视频,奶油风的家,21,2,2.98,0.09524,1.49,0.00,0,0,0,0,0,0,
2026-03-08,555458290062,短视频,沙发垫的正确打开方式,111,4,5.32,0.03604,1.33,0.00,0,0,1,0,0,0,
2026-03-08,555372737835,短视频,"黑白配的家,太高级了!",14,0,0.00,0,,0.00,0,,0,0,0,0,
2026-03-08,555372621340,短视频,高级感黑白灰客厅搭配,47,0,0.00,0,,0.00,0,,0,0,0,0,
2026-03-08,555312322684,短视频,抱枕的颜值真的太高了!,14,1,0.98,0.07143,0.98,0.00,0,0,0,0,0,0,
2026-03-08,555306753035,短视频,沉浸式宅家\|我的古风小家,81,2,3.05,0.02469,1.53,0.00,0,0,0,0,0,0,
2026-03-08,555293096238,短视频,侘寂风家里的野性点缀！黑白斑马毛巾绣抱枕，温柔中带点不羁,82,3,1.60,0.03659,0.53,0.00,0,0,0,0,0,0,
2026-03-08,555286652862,短视频,小众设计感艺术抱枕，为颜控而生，怎么搭都好看 ?,131,2,4.63,0.01527,2.32,0.00,0,0,0,0,0,0,
2026-03-08,555286004078,短视频,"黑白灰的家,太有氛围了",41,0,0.00,0,,0.00,0,,0,0,0,0,
2026-03-08,555175200204,短视频,抱枕的颜值真的太高了!,264,9,13.53,0.03409,1.50,106.04,2,0.22222,1,0,0,0,
2026-03-08,555126645572,短视频,这也太犯规了！蛋糕宝宝毛巾绣抱枕萌到爆炸，少女心收割机,31,0,0.00,0,,0.00,0,,0,0,0,0,
2026-03-08,555125925749,短视频,复古又高级！毛茸茸挂耳狗抱枕，治愈系天花板！?,43,2,0.42,0.04651,0.21,0.00,0,0,0,0,0,0,
2026-03-08,555119213859,短视频,"中古风的家,太爱了!",76,2,3.46,0.02632,1.73,0.00,0,0,0,0,0,0,
2026-03-08,555064662823,短视频,艺术生的私藏！手绘感抽象线条抱枕，每一根线条都长在审美点上,48,2,2.19,0.04167,1.10,0.00,0,0,0,0,0,0,
2026-03-08,555059874294,短视频,一眼心动！韩系ins风向日葵抱枕，氛围感绝了,935,26,49.81,0.02781,1.92,37.80,1,0.03846,5,0,1,1,
2026-03-08,555007321455,短视频,黑白灰极简客厅布置,55,0,0.00,0,,0.00,0,,0,0,0,0,
2026-03-08,554950138297,短视频,"黑白配,永远的经典",13,0,0.00,0,,0.00,0,,0,0,0,0,
2026-03-08,554926163106,短视频,氛围感家居,117,6,3.80,0.05128,0.63,0.00,0,0,1,0,0,0,
2026-03-08,554817151105,短视频,法式轻奢香风客厅沙发抱枕,85,2,0.22,0.02353,0.11,0.00,0,0,0,0,0,0,
2026-03-08,554057120348,短视频,"黑白灰的家,太有氛围了",189,3,7.58,0.01587,2.53,0.00,0,0,0,0,0,0,
2026-03-08,553732269147,短视频,"复古风的家,太爱了!",281,9,19.59,0.03203,2.18,38.38,1,0.11111,2,0,0,0,
2026-03-08,553375677357,短视频,靠它,1488,63,148.40,0.04234,2.36,154.88,3,0.04762,19,0,2,2,
2026-03-08,553306503958,短视频,治愈系小家!,167,6,2.59,0.03593,0.43,0.00,0,0,0,0,0,0,
2026-03-08,553203143361,短视频,日光下的舒适,175,6,8.93,0.03429,1.49,0.00,0,0,2,0,0,0,
2026-03-08,553202691374,短视频,温暖的家可靠的它,46,1,3.70,0.02174,3.70,0.00,0,0,0,0,0,0,
2026-03-08,553097912376,短视频,居家放松\|我的卧室我做主,258,9,13.84,0.03488,1.54,0.00,0,0,2,0,0,0,
2026-03-08,552764607058,短视频,一眼惊艳的抱枕,12,1,5.40,0.08333,5.40,0.00,0,0,1,0,0,0,
2026-03-08,552740205709,短视频,摸摸，轻飘柔顺,179,3,9.21,0.01676,3.07,0.00,0,0,0,0,0,0,
2026-03-08,552596420231,短视频,"轻奢风的家,太爱了",20,2,12.12,0.1,6.06,53.58,1,0.5,1,0,0,0,
2026-03-08,552596348379,短视频,你的小小后背,31,0,0.00,0,,0.00,0,,0,0,0,0,
2026-03-08,552363453358,短视频,摸摸它的顺滑触感,308,29,32.62,0.09416,1.12,143.10,2,0.06897,6,2,0,2,16.31
2026-03-08,552231329831,短视频,试试抱着它吧温暖又舒适,48,1,4.90,0.02083,4.90,0.00,0,0,0,0,0,0,
2026-03-08,552045763549,短视频,"全棉的它,让你爱不释手",353,13,16.76,0.03683,1.29,241.24,3,0.23077,3,0,0,0,
2026-03-08,552037351613,短视频,四季可用沙发垫，法式氛围感瞬间拉满,12,0,0.00,0,,0.00,0,,0,0,0,0,
2026-03-08,552037323877,短视频,好物分享l异形经典百搭沙发垫,48,3,1.37,0.0625,0.46,0.00,0,0,0,0,0,0,
2026-03-08,551988272115,短视频,客厅布置\|我的梦中情房,34,1,0.81,0.02941,0.81,0.00,0,0,0,0,0,0,
2026-03-08,551987968238,短视频,秋冬氛围感沙发垫分享,1322,97,115.42,0.07337,1.19,643.92,9,0.09278,27,2,0,2,57.71
2026-03-08,551954728795,短视频,"四季款沙发垫,客厅必备",101,2,1.98,0.0198,0.99,0.00,0,0,0,0,0,0,
2026-03-08,551847925090,短视频,原创设计｜立体毛巾绣苹果兔抱枕,182,2,4.66,0.01099,2.33,0.00,0,0,0,0,0,0,
2026-03-08,551847585424,短视频,复古绿斑马纹理抱枕｜3D立体毛巾绣 不撞款的客厅焦点,34,0,0.00,0,,0.00,0,,0,0,0,0,
2026-03-08,551847181252,短视频,法式蝴蝶结抱枕 重工立体毛巾绣 点亮轻奢复古客厅,227,4,2.67,0.01762,0.67,0.00,0,0,0,0,0,0,
2026-03-08,551806282033,短视频,沙发床上的小惊喜 五彩立体调色盘抱枕 让居家时光更活泼,3,0,0.00,0,,0.00,0,,0,0,0,0,
2026-03-08,551805838141,短视频,【重磅刺绣】新年礼物红色RICH抱枕，提升家居格调必入,2,0,0.00,0,,0.00,0,,0,0,0,0,
2026-03-08,551794657208,短视频,"沙发垫这样选,好看又耐脏",199,15,30.19,0.07538,2.01,266.32,3,0.2,4,0,1,1,
2026-03-08,551754190216,短视频,黑白灰极简风的客厅布置,8,0,0.00,0,,0.00,0,,0,0,0,0,
2026-03-08,551753738339,短视频,我真的太会买沙发垫了!,249,12,14.68,0.04819,1.22,167.70,2,0.16667,5,0,0,0,
2026-03-08,551683495744,短视频,低饱和粉调郁金香抱枕 做旧质感毛巾绣 不甜腻的复古浪漫,795,40,86.93,0.05031,2.17,216.17,5,0.125,19,1,0,1,86.93
2026-03-08,551638039646,短视频,冬天的沙发垫我选半边绒,42,2,1.01,0.04762,0.51,0.00,0,0,0,0,0,0,
2026-03-08,551561140322,短视频,质量杠杠的,534,19,45.58,0.03558,2.40,0.00,0,0,3,0,0,0,
2026-03-08,551413092616,短视频,"轻奢风沙发垫,四季通用",12,1,0.47,0.08333,0.47,0.00,0,0,0,0,0,0,
2026-03-08,551253461002,短视频,新年布置\|年味十足的家,43,0,0.00,0,,0.00,0,,0,0,0,0,
2026-03-08,551252909318,短视频,美式高级感黑白斑马纹抱枕,6,0,0.00,0,,0.00,0,,0,0,0,0,
2026-03-08,551093875439,短视频,"复古田园风,让家更温馨",106,6,3.79,0.0566,0.63,0.00,0,0,0,0,0,0,
2026-03-08,550985212692,短视频,新年氛围感家居好物分享,1340,32,5.92,0.02388,0.19,0.00,0,0,0,0,0,0,
2026-03-08,550787494876,短视频,"冬天宅家,当然要暖暖的啦",11,0,0.00,0,,0.00,0,,0,0,0,0,
2026-03-08,550669771841,短视频,法式复古雪尼尔沙发垫,6,0,0.00,0,,0.00,0,,0,0,0,0,
2026-03-08,550599421042,短视频,新年氛围感沙发垫分享,317,23,21.53,0.07256,0.94,264.07,4,0.17391,7,1,1,2,21.53
2026-03-08,549622833146,短视频,新年氛围感\|我的年味小家,9,0,0.00,0,,0.00,0,,0,0,0,0,
2026-03-08,549462880694,短视频,新年布置\|我的年味小家,19,1,0.93,0.05263,0.93,0.00,0,0,0,0,0,0,
2026-03-08,549059103368,短视频,新年氛围感家居好物分享,7,0,0.00,0,,0.00,0,,0,0,0,0,
2026-03-08,548713580814,短视频,M.life 中古风雪尼尔沙发垫高级感异形沙发套罩布巾四季款防猫抓,11751,194,99.80,0.01651,0.51,0.00,0,0,9,4,0,4,24.95
2026-03-08,548656188901,短视频,新年氛围感家居好物分享,65,2,0.86,0.03077,0.43,0.00,0,0,0,1,0,1,0.86
2026-03-08,548418767636,短视频,M.life 中古风异形小球球沙发垫高级感客厅沙发套罩布巾秋冬款,7946,194,99.46,0.02441,0.51,235.00,3,0.01546,20,4,1,5,24.87
2026-03-08,548406935891,短视频,M.life 床头软包靠背罩实木防撞软垫卧室改造床靠背枕方便可拆洗,6330,190,98.48,0.03002,0.52,696.06,5,0.02632,17,4,0,4,24.62
2026-03-08,547930443749,短视频,新年布置\|新中式客厅,930,49,58.25,0.05269,1.19,720.17,9,0.18367,31,3,2,5,19.42
2026-03-08,544620767154,短视频,新年氛围感家居好物分享,25,1,0.23,0.04,0.23,0.00,0,0,0,0,0,0,
2026-03-08,542627036326,短视频,好物分享l 秋冬毛绒抱枕来了,28,0,0.00,0,,0.00,0,,0,0,0,0,
2026-03-08,540791442966,短视频,慢生活mlife家居生活新风尚,652,15,29.73,0.02301,1.98,62.70,1,0.06667,10,1,0,1,29.73
2026-03-08,538016252131,短视频,四季通用的玉米绒沙发垫,226,8,6.60,0.0354,0.83,0.00,0,0,0,0,0,0,
2026-03-08,538015372788,短视频,"绣雏菊沙发垫,让家更温馨",1122,63,55.30,0.05615,0.88,251.74,6,0.09524,8,1,0,1,55.30
2026-03-08,537916670586,短视频,好物分享l水洗全棉四季可用沙发垫,839,43,35.86,0.05125,0.83,237.97,4,0.09302,12,2,1,3,17.93
2026-03-08,537573440852,短视频,软萌好RUA！原创毛巾绣苹果兔抱枕，萌趣满分！,34,1,3.17,0.02941,3.17,0.00,0,0,0,0,0,0,
2026-03-08,536415651226,短视频,?一整个爱住！这颗毛茸茸的红苹果，软fufu到心巴上～,273,8,8.83,0.0293,1.10,93.53,3,0.375,5,0,0,0,
2026-03-08,536415559340,短视频,小众控必入！神仙颜值的满绣苔藓抱枕来了！,1572,54,85.94,0.03435,1.59,111.70,2,0.03704,13,0,0,0,
2026-03-08,535585082897,短视频,萌化了！原创苹果兔毛巾绣抱枕，毛茸茸手感太上头！,556,8,10.36,0.01439,1.30,100.50,2,0.25,0,1,1,2,10.36
2026-03-08,535447529073,短视频,绝非普通印花！解锁毛巾绣斑马抱枕，拯救单调沙发！,184,5,2.60,0.02717,0.52,0.00,0,0,2,1,0,1,2.60
2026-03-08,535241842685,短视频,谁还没拥有这款蝴蝶结抱枕 ！,2032,69,121.30,0.03396,1.76,294.90,8,0.11594,22,3,1,4,40.43
2026-03-08,532636393176,短视频,这款复古客厅少女心沙发抱枕真是颜值担当！,359,20,19.23,0.05571,0.96,150.22,4,0.2,5,0,1,1,
2026-03-08,532515685685,短视频,软！萌！暖！原创苹果兔毛巾绣抱枕，治愈系抱感来袭~,1319,44,102.72,0.03336,2.33,291.53,7,0.15909,28,0,0,0,
2026-03-08,531569199631,短视频,“它”在等你回家！精致毛巾绣苹果兔抱枕，赋予家居温度与灵魂。,1724,79,183.69,0.04582,2.33,433.90,10,0.12658,41,0,1,1,
2026-03-08,530797208465,短视频,高级感玉米绒四季可用软fufu靠背！,2371,72,109.45,0.03037,1.52,81.60,1,0.01389,15,1,1,2,109.45
2026-03-08,530750622143,短视频,谁家还没有买这款三角形软靠背，真是超级舒服！,254,13,21.26,0.05118,1.64,260.55,2,0.15385,3,2,2,4,10.63
2026-03-08,530699336540,短视频,儿童房软装必备的软fufu靠背！,407,28,36.79,0.0688,1.31,149.36,2,0.07143,1,1,1,2,36.79
2026-03-08,530696684580,短视频,居家必备，软靠背放在任何角落都行！,30,1,0.63,0.03333,0.63,0.00,0,0,0,0,0,0,
2026-03-08,530696308316,短视频,谁还没有这款床头靠背啊！真是太舒服了！,205,9,21.01,0.0439,2.33,0.00,0,0,1,0,0,0,
2026-03-08,530649570870,短视频,儿童房这个大象靠背可爱到我了！,5,1,4.94,0.2,4.94,0.00,0,0,0,0,0,0,
2026-03-08,530647050636,短视频,软包幸福感，北欧现代百搭靠背,1592,79,98.99,0.04962,1.25,276.42,3,0.03797,24,1,0,1,98.99
2026-03-08,530418176209,短视频,入冬了，谁家还没铺上这款绒感地垫啊！,287,9,6.85,0.03136,0.76,0.00,0,0,0,0,0,0,
2026-03-08,530369678295,短视频,有没有人能懂一下，这款棉麻材质的床头靠背有多舒服！,995,42,43.90,0.04221,1.05,251.37,2,0.04762,18,2,0,2,21.95
2026-03-08,530039838129,短视频,好物分享l十字纹皮面抱枕,137,9,8.85,0.06569,0.98,0.00,0,0,1,1,0,1,8.85
2026-03-08,529937770007,短视频,四季可用 中古异形沙发垫！,548,20,15.01,0.0365,0.75,102.60,2,0.1,10,0,0,0,
2026-03-08,529321370204,短视频,家的焕新好物l四季可用的异形沙发垫,219,10,18.51,0.04566,1.85,126.42,4,0.4,3,0,0,0,
2026-03-08,528938064253,短视频,侘寂风长条抱枕  家居必备！,694,20,58.60,0.02882,2.93,227.86,4,0.2,8,1,0,1,58.60
2026-03-08,527170934899,短视频,没人能比我的蒲团更好看，因为我是。。,2213,54,60.22,0.0244,1.12,213.41,5,0.09259,6,0,0,0,
2026-03-08,527134583803,短视频,我的椅子终于不再冷我的pp了！,302,18,17.81,0.0596,0.99,95.19,1,0.05556,13,1,0,1,17.81
2026-03-08,526044575471,短视频,这款田园风格的垫子 四季可用快来看看吧!,4651,230,127.99,0.04945,0.56,236.45,15,0.06522,39,5,0,5,25.60
2026-03-08,525550264759,短视频,治愈系家居好物！链条绣\+毛巾绣粉郁金香抱枕，小众高级有品位,208,7,6.86,0.03365,0.98,0.00,0,0,1,0,0,0,
2026-03-08,525484054336,短视频,好物分享l日式棉麻蒲团坐垫！,240,17,22.01,0.07083,1.29,156.33,6,0.35294,9,0,1,1,
2026-03-08,525149963536,短视频,温柔狙击！粉郁金香抱枕，双绣工艺，治愈力满分！,88,1,1.11,0.01136,1.11,0.00,0,0,0,0,1,1,
2026-03-08,525092257094,短视频,奶呼呼的南瓜圆枕，请查收！,566,15,13.80,0.0265,0.92,31.80,1,0.06667,13,0,0,0,
2026-03-08,524754881004,短视频,? 给沙发加个“艺术展”！毛巾绣抱枕，小众品味之选~,6,0,0.00,0,,0.00,0,,0,0,0,0,
2026-03-08,522722596526,短视频,治愈系家居好物！能“摸”到花瓣的粉郁金香抱枕,33,2,0.97,0.06061,0.49,0.00,0,0,0,0,0,0,
2026-03-08,522527933014,短视频,全棉帆布白底抱枕 立体毛巾绣小雏菊 可拆洗,845,34,35.97,0.04024,1.06,117.96,2,0.05882,2,0,0,0,
2026-03-08,521828092571,短视频,高级定制感！双工艺链条绣毛巾绣郁金香抱枕，小众格调家居必备,837,28,40.58,0.03345,1.45,176.70,5,0.17857,10,0,0,0,
2026-03-08,521206416875,短视频,毛巾绣郁金香抱枕！温柔裸粉色太戳心巴！,1412,39,54.67,0.02762,1.40,24.64,1,0.02564,7,0,0,0,
2026-03-08,520432630221,短视频,懒人沙发CP锁死！郁金香毛巾绣抱枕，宅家幸福感\+N,50,0,0.00,0,,0.00,0,,0,0,0,0,
2026-03-08,520262215795,短视频,巨软糯的郁金香抱枕刺绣细节绝了，宅家幸福感超强,694,20,24.66,0.02882,1.23,123.79,4,0.2,9,0,0,0,
2026-03-08,506586023491,短视频,新年新气象，快来给自己的沙发装扮一下吧！,92,5,1.16,0.05435,0.23,0.00,0,0,0,1,0,1,1.16
2026-03-08,502556087109,短视频,年关将至 给沙发换个新年装扮,12,0,0.00,0,,0.00,0,,0,0,0,0,
2026-03-08,501776323133,短视频,新年哪能少的了国风抱枕啊!!!,11,0,0.00,0,,0.00,0,,0,0,0,0,
2026-03-08,501594849529,短视频,新年抱枕上新~恭喜发财，共贺新春!,19,0,0.00,0,,0.00,0,,0,0,0,0,
2026-03-08,448976611292,短视频,新年氛围感\|新年宅家布置,6,0,0.00,0,,0.00,0,,0,0,0,0,
2026-03-08,447695134038,短视频,"日式棉麻蒲团,圆形胖墩墩,坐感舒适",199,9,7.00,0.04523,0.78,35.10,1,0.11111,0,0,0,0,
2026-03-08,447047544009,短视频,忍不住分享一个超老实的坐垫！,3760,237,306.49,0.06303,1.29,1057.06,30,0.12658,87,5,1,6,61.30
2026-03-08,446578190359,短视频,100%全棉沙发垫，新年宅家必备,27,2,0.92,0.07407,0.46,0.00,0,0,0,0,0,0,
2026-03-08,446577394488,短视频,新年宅家，少不了的躺平伴侣,180,4,6.08,0.02222,1.52,51.00,1,0.25,2,0,0,0,
2026-03-08,446175681460,短视频,我为什么没有早点买这个沙发垫！！！,19,0,0.00,0,,0.00,0,,0,0,0,0,
2026-03-08,445931457673,短视频,新年宅家，怎么少得了它！,67,2,3.01,0.02985,1.51,0.00,0,0,0,0,0,0,
2026-03-07,555519041535,短视频,可爱家居,214,5,3.75,0.02336,0.75,0.00,0,0,0,0,0,0,
2026-03-07,555458610849,短视频,奶油风的家,26,3,5.72,0.11538,1.91,0.00,0,0,0,0,0,0,
2026-03-07,555458290062,短视频,沙发垫的正确打开方式,154,3,7.57,0.01948,2.52,0.00,0,0,2,0,0,0,
2026-03-07,555372737835,短视频,"黑白配的家,太高级了!",18,0,0.00,0,,0.00,0,,0,0,0,0,
2026-03-07,555372621340,短视频,高级感黑白灰客厅搭配,108,2,0.25,0.01852,0.13,0.00,0,0,0,0,0,0,
2026-03-07,555312322684,短视频,抱枕的颜值真的太高了!,40,1,1.66,0.025,1.66,0.00,0,0,0,0,0,0,
2026-03-07,555306753035,短视频,沉浸式宅家\|我的古风小家,127,4,4.24,0.0315,1.06,0.00,0,0,0,0,0,0,
2026-03-07,555293096238,短视频,侘寂风家里的野性点缀！黑白斑马毛巾绣抱枕，温柔中带点不羁,95,2,8.27,0.02105,4.14,0.00,0,0,0,0,0,0,
2026-03-07,555286652862,短视频,小众设计感艺术抱枕，为颜控而生，怎么搭都好看 ?,179,5,8.11,0.02793,1.62,0.00,0,0,0,0,0,0,
2026-03-07,555286004078,短视频,"黑白灰的家,太有氛围了",65,0,0.00,0,,0.00,0,,0,0,0,0,
2026-03-07,555175200204,短视频,抱枕的颜值真的太高了!,49,1,1.03,0.02041,1.03,0.00,0,0,0,0,0,0,
2026-03-07,555126645572,短视频,这也太犯规了！蛋糕宝宝毛巾绣抱枕萌到爆炸，少女心收割机,41,0,0.00,0,,0.00,0,,0,0,0,0,
2026-03-07,555125925749,短视频,复古又高级！毛茸茸挂耳狗抱枕，治愈系天花板！?,65,3,0.33,0.04615,0.11,0.00,0,0,0,0,0,0,
2026-03-07,555119213859,短视频,"中古风的家,太爱了!",283,7,14.22,0.02473,2.03,0.00,0,0,3,0,0,0,
2026-03-07,555064662823,短视频,艺术生的私藏！手绘感抽象线条抱枕，每一根线条都长在审美点上,83,4,6.71,0.04819,1.68,0.00,0,0,0,0,0,0,
2026-03-07,555059874294,短视频,一眼心动！韩系ins风向日葵抱枕，氛围感绝了,1177,23,35.53,0.01954,1.54,146.89,4,0.17391,12,0,0,0,
2026-03-07,555007321455,短视频,黑白灰极简客厅布置,120,1,0.14,0.00833,0.14,0.00,0,0,0,0,0,0,
2026-03-07,554950138297,短视频,"黑白配,永远的经典",30,0,0.00,0,,0.00,0,,0,0,0,0,
2026-03-07,554926163106,短视频,氛围感家居,152,3,0.47,0.01974,0.16,0.00,0,0,1,1,1,2,0.47
2026-03-07,554817151105,短视频,法式轻奢香风客厅沙发抱枕,130,2,0.30,0.01538,0.15,0.00,0,0,0,0,0,0,
2026-03-07,554057120348,短视频,"黑白灰的家,太有氛围了",202,3,5.67,0.01485,1.89,0.00,0,0,0,0,0,0,
2026-03-07,553732269147,短视频,"复古风的家,太爱了!",301,13,16.04,0.04319,1.23,147.71,1,0.07692,15,0,0,0,
2026-03-07,553375677357,短视频,靠它,1812,79,137.53,0.0436,1.74,374.62,7,0.08861,35,2,0,2,68.77
2026-03-07,553306503958,短视频,治愈系小家!,164,5,7.29,0.03049,1.46,0.00,0,0,6,0,0,0,
2026-03-07,553203143361,短视频,日光下的舒适,204,4,8.80,0.01961,2.20,0.00,0,0,0,0,0,0,
2026-03-07,553202691374,短视频,温暖的家可靠的它,40,2,2.72,0.05,1.36,0.00,0,0,0,0,0,0,
2026-03-07,553097912376,短视频,居家放松\|我的卧室我做主,326,6,18.11,0.0184,3.02,130.54,4,0.66667,9,0,0,0,
2026-03-07,552764607058,短视频,一眼惊艳的抱枕,11,0,0.00,0,,0.00,0,,0,0,0,0,
2026-03-07,552740205709,短视频,摸摸，轻飘柔顺,179,15,21.95,0.0838,1.46,147.97,2,0.13333,3,0,0,0,
2026-03-07,552596420231,短视频,"轻奢风的家,太爱了",25,0,0.00,0,,0.00,0,,0,0,0,0,
2026-03-07,552596348379,短视频,你的小小后背,22,1,1.67,0.04545,1.67,0.00,0,0,0,0,0,0,
2026-03-07,552363453358,短视频,摸摸它的顺滑触感,227,29,40.23,0.12775,1.39,515.44,6,0.2069,11,0,1,1,
2026-03-07,552231329831,短视频,试试抱着它吧温暖又舒适,82,2,3.92,0.02439,1.96,0.00,0,0,0,0,0,0,
2026-03-07,552045763549,短视频,"全棉的它,让你爱不释手",342,25,14.04,0.0731,0.56,0.00,0,0,4,3,0,3,4.68
2026-03-07,552037351613,短视频,四季可用沙发垫，法式氛围感瞬间拉满,11,0,0.00,0,,0.00,0,,0,0,0,0,
2026-03-07,552037323877,短视频,好物分享l异形经典百搭沙发垫,47,2,2.17,0.04255,1.09,0.00,0,0,0,0,0,0,
2026-03-07,551988272115,短视频,客厅布置\|我的梦中情房,32,4,3.08,0.125,0.77,0.00,0,0,0,0,0,0,
2026-03-07,551987968238,短视频,秋冬氛围感沙发垫分享,1216,83,87.52,0.06826,1.05,533.87,8,0.09639,22,1,2,3,87.52
2026-03-07,551954728795,短视频,"四季款沙发垫,客厅必备",109,4,9.10,0.0367,2.28,81.67,2,0.5,1,0,0,0,
2026-03-07,551847925090,短视频,原创设计｜立体毛巾绣苹果兔抱枕,141,8,26.64,0.05674,3.33,45.09,1,0.125,2,0,0,0,
2026-03-07,551847585424,短视频,复古绿斑马纹理抱枕｜3D立体毛巾绣 不撞款的客厅焦点,21,1,0.88,0.04762,0.88,0.00,0,0,0,0,0,0,
2026-03-07,551847181252,短视频,法式蝴蝶结抱枕 重工立体毛巾绣 点亮轻奢复古客厅,166,9,24.45,0.05422,2.72,142.35,4,0.44444,7,0,0,0,
2026-03-07,551806282033,短视频,沙发床上的小惊喜 五彩立体调色盘抱枕 让居家时光更活泼,7,0,0.00,0,,0.00,0,,0,0,0,0,
2026-03-07,551805838141,短视频,【重磅刺绣】新年礼物红色RICH抱枕，提升家居格调必入,1,0,0.00,0,,0.00,0,,0,0,0,0,
2026-03-07,551794657208,短视频,"沙发垫这样选,好看又耐脏",175,17,22.56,0.09714,1.33,219.80,3,0.17647,6,0,0,0,
2026-03-07,551754190216,短视频,黑白灰极简风的客厅布置,6,0,0.00,0,,0.00,0,,0,0,0,0,
2026-03-07,551753738339,短视频,我真的太会买沙发垫了!,278,12,23.20,0.04317,1.93,0.00,0,0,0,0,0,0,
2026-03-07,551683495744,短视频,低饱和粉调郁金香抱枕 做旧质感毛巾绣 不甜腻的复古浪漫,610,24,58.50,0.03934,2.44,171.91,5,0.20833,9,0,0,0,
2026-03-07,551638039646,短视频,冬天的沙发垫我选半边绒,34,2,2.37,0.05882,1.19,0.00,0,0,2,0,0,0,
2026-03-07,551561140322,短视频,质量杠杠的,541,25,45.75,0.04621,1.83,55.40,1,0.04,5,0,0,0,
2026-03-07,551413092616,短视频,"轻奢风沙发垫,四季通用",12,0,0.00,0,,0.00,0,,0,0,0,0,
2026-03-07,551253461002,短视频,新年布置\|年味十足的家,48,0,0.00,0,,0.00,0,,0,0,0,0,
2026-03-07,551252909318,短视频,美式高级感黑白斑马纹抱枕,5,0,0.00,0,,0.00,0,,0,0,0,0,
2026-03-07,551093875439,短视频,"复古田园风,让家更温馨",137,5,2.61,0.0365,0.52,0.00,0,0,10,0,0,0,
2026-03-07,550985212692,短视频,新年氛围感家居好物分享,48,2,0.39,0.04167,0.20,0.00,0,0,0,0,0,0,
2026-03-07,550787494876,短视频,"冬天宅家,当然要暖暖的啦",8,0,0.00,0,,0.00,0,,0,0,0,0,
2026-03-07,550669771841,短视频,法式复古雪尼尔沙发垫,2,0,0.00,0,,0.00,0,,0,0,0,0,
2026-03-07,550599421042,短视频,新年氛围感沙发垫分享,225,16,16.19,0.07111,1.01,62.77,1,0.0625,6,0,0,0,
2026-03-07,549622833146,短视频,新年氛围感\|我的年味小家,5,0,0.00,0,,0.00,0,,0,0,0,0,
2026-03-07,549462880694,短视频,新年布置\|我的年味小家,14,1,0.49,0.07143,0.49,0.00,0,0,0,0,0,0,
2026-03-07,549059103368,短视频,新年氛围感家居好物分享,15,0,0.00,0,,0.00,0,,0,0,0,0,
2026-03-07,548713580814,短视频,M.life 中古风雪尼尔沙发垫高级感异形沙发套罩布巾四季款防猫抓,9955,177,98.38,0.01778,0.56,231.93,2,0.0113,9,4,0,4,24.60
2026-03-07,548656188901,短视频,新年氛围感家居好物分享,64,6,5.29,0.09375,0.88,0.00,0,0,6,0,0,0,
2026-03-07,548418767636,短视频,M.life 中古风异形小球球沙发垫高级感客厅沙发套罩布巾秋冬款,9927,198,99.68,0.01995,0.50,0.00,0,0,17,5,0,5,19.94
2026-03-07,548406935891,短视频,M.life 床头软包靠背罩实木防撞软垫卧室改造床靠背枕方便可拆洗,6445,193,99.74,0.02995,0.52,223.58,2,0.01036,20,1,1,2,99.74
2026-03-07,547930443749,短视频,新年布置\|新中式客厅,825,38,45.08,0.04606,1.19,127.07,3,0.07895,30,0,1,1,
2026-03-07,544620767154,短视频,新年氛围感家居好物分享,19,2,0.42,0.10526,0.21,0.00,0,0,1,0,0,0,
2026-03-07,542627036326,短视频,好物分享l 秋冬毛绒抱枕来了,37,1,1.56,0.02703,1.56,0.00,0,0,0,0,0,0,
2026-03-07,540791442966,短视频,慢生活mlife家居生活新风尚,380,22,44.11,0.05789,2.01,64.50,1,0.04545,2,0,0,0,
2026-03-07,538016252131,短视频,四季通用的玉米绒沙发垫,220,5,7.28,0.02273,1.46,0.00,0,0,1,0,0,0,
2026-03-07,538015372788,短视频,"绣雏菊沙发垫,让家更温馨",1127,50,46.59,0.04437,0.93,0.00,0,0,18,0,0,0,
2026-03-07,537916670586,短视频,好物分享l水洗全棉四季可用沙发垫,879,50,44.69,0.05688,0.89,79.62,1,0.02,8,2,0,2,22.35
2026-03-07,537573440852,短视频,软萌好RUA！原创毛巾绣苹果兔抱枕，萌趣满分！,24,1,1.27,0.04167,1.27,0.00,0,0,0,0,0,0,
2026-03-07,536415651226,短视频,?一整个爱住！这颗毛茸茸的红苹果，软fufu到心巴上～,241,5,10.20,0.02075,2.04,482.01,7,1.4,25,0,0,0,
2026-03-07,536415559340,短视频,小众控必入！神仙颜值的满绣苔藓抱枕来了！,2179,66,75.80,0.03029,1.15,102.00,2,0.0303,15,1,1,2,75.80
2026-03-07,535585082897,短视频,萌化了！原创苹果兔毛巾绣抱枕，毛茸茸手感太上头！,807,15,30.17,0.01859,2.01,0.00,0,0,3,0,1,1,
2026-03-07,535447529073,短视频,绝非普通印花！解锁毛巾绣斑马抱枕，拯救单调沙发！,255,4,6.98,0.01569,1.75,39.39,1,0.25,6,0,1,1,
2026-03-07,535241842685,短视频,谁还没拥有这款蝴蝶结抱枕 ！,2088,77,109.17,0.03688,1.42,559.02,14,0.18182,29,2,2,4,54.59
2026-03-07,532636393176,短视频,这款复古客厅少女心沙发抱枕真是颜值担当！,491,19,18.24,0.0387,0.96,39.96,1,0.05263,6,1,0,1,18.24
2026-03-07,532515685685,短视频,软！萌！暖！原创苹果兔毛巾绣抱枕，治愈系抱感来袭~,1820,61,130.46,0.03352,2.14,301.72,7,0.11475,34,0,2,2,
2026-03-07,531569199631,短视频,“它”在等你回家！精致毛巾绣苹果兔抱枕，赋予家居温度与灵魂。,1828,80,183.98,0.04376,2.30,307.08,6,0.075,41,1,3,4,183.98
2026-03-07,530797208465,短视频,高级感玉米绒四季可用软fufu靠背！,1178,47,68.14,0.0399,1.45,0.00,0,0,13,0,0,0,
2026-03-07,530750622143,短视频,谁家还没有买这款三角形软靠背，真是超级舒服！,166,7,16.07,0.04217,2.30,0.00,0,0,1,0,0,0,
2026-03-07,530699336540,短视频,儿童房软装必备的软fufu靠背！,358,16,20.93,0.04469,1.31,119.00,1,0.0625,4,0,1,1,
2026-03-07,530696684580,短视频,居家必备，软靠背放在任何角落都行！,32,5,3.47,0.15625,0.69,0.00,0,0,4,1,0,1,3.47
2026-03-07,530696308316,短视频,谁还没有这款床头靠背啊！真是太舒服了！,154,13,17.03,0.08442,1.31,0.00,0,0,1,0,0,0,
2026-03-07,530649570870,短视频,儿童房这个大象靠背可爱到我了！,9,0,0.00,0,,0.00,0,,0,0,0,0,
2026-03-07,530647050636,短视频,软包幸福感，北欧现代百搭靠背,1172,65,97.76,0.05546,1.50,430.82,4,0.06154,5,2,0,2,48.88
2026-03-07,530418176209,短视频,入冬了，谁家还没铺上这款绒感地垫啊！,316,14,15.90,0.0443,1.14,0.00,0,0,4,0,0,0,
2026-03-07,530369678295,短视频,有没有人能懂一下，这款棉麻材质的床头靠背有多舒服！,705,28,41.52,0.03972,1.48,262.00,2,0.07143,2,1,0,1,41.52
2026-03-07,530039838129,短视频,好物分享l十字纹皮面抱枕,150,1,1.69,0.00667,1.69,0.00,0,0,2,1,0,1,1.69
2026-03-07,529937770007,短视频,四季可用 中古异形沙发垫！,585,22,19.35,0.03761,0.88,0.00,0,0,0,0,0,0,
2026-03-07,529321370204,短视频,家的焕新好物l四季可用的异形沙发垫,270,11,14.20,0.04074,1.29,0.00,0,0,3,0,1,1,
2026-03-07,528938064253,短视频,侘寂风长条抱枕  家居必备！,770,23,35.23,0.02987,1.53,157.44,3,0.13043,8,0,1,1,
2026-03-07,527170934899,短视频,没人能比我的蒲团更好看，因为我是。。,2006,58,62.09,0.02891,1.07,127.69,4,0.06897,8,0,0,0,
2026-03-07,527134583803,短视频,我的椅子终于不再冷我的pp了！,367,17,13.34,0.04632,0.78,96.33,1,0.05882,11,1,1,2,13.34
2026-03-07,526044575471,短视频,这款田园风格的垫子 四季可用快来看看吧!,4269,226,134.73,0.05294,0.60,343.59,17,0.07522,44,5,0,5,26.95
2026-03-07,525550264759,短视频,治愈系家居好物！链条绣\+毛巾绣粉郁金香抱枕，小众高级有品位,240,8,11.82,0.03333,1.48,0.00,0,0,2,0,0,0,
2026-03-07,525484054336,短视频,好物分享l日式棉麻蒲团坐垫！,241,13,9.36,0.05394,0.72,103.98,5,0.38462,6,0,0,0,
2026-03-07,525149963536,短视频,温柔狙击！粉郁金香抱枕，双绣工艺，治愈力满分！,61,2,2.05,0.03279,1.03,31.80,1,0.5,15,0,0,0,
2026-03-07,525092257094,短视频,奶呼呼的南瓜圆枕，请查收！,534,10,10.24,0.01873,1.02,0.00,0,0,0,0,0,0,
2026-03-07,524754881004,短视频,? 给沙发加个“艺术展”！毛巾绣抱枕，小众品味之选~,11,0,0.00,0,,0.00,0,,0,0,0,0,
2026-03-07,522722596526,短视频,治愈系家居好物！能“摸”到花瓣的粉郁金香抱枕,58,2,2.27,0.03448,1.14,0.00,0,0,0,0,0,0,
2026-03-07,522527933014,短视频,全棉帆布白底抱枕 立体毛巾绣小雏菊 可拆洗,866,31,37.58,0.0358,1.21,106.50,2,0.06452,7,0,0,0,
2026-03-07,521828092571,短视频,高级定制感！双工艺链条绣毛巾绣郁金香抱枕，小众格调家居必备,773,23,32.46,0.02975,1.41,77.01,1,0.04348,7,0,0,0,
2026-03-07,521206416875,短视频,毛巾绣郁金香抱枕！温柔裸粉色太戳心巴！,1434,54,75.97,0.03766,1.41,125.72,3,0.05556,11,0,1,1,
2026-03-07,520432630221,短视频,懒人沙发CP锁死！郁金香毛巾绣抱枕，宅家幸福感\+N,51,3,7.18,0.05882,2.39,0.00,0,0,2,0,0,0,
2026-03-07,520262215795,短视频,巨软糯的郁金香抱枕刺绣细节绝了，宅家幸福感超强,815,26,34.76,0.0319,1.34,24.04,1,0.03846,4,0,0,0,
2026-03-07,506586023491,短视频,新年新气象，快来给自己的沙发装扮一下吧！,69,2,1.31,0.02899,0.66,0.00,0,0,0,0,0,0,
2026-03-07,502556087109,短视频,年关将至 给沙发换个新年装扮,9,0,0.00,0,,0.00,0,,0,0,0,0,
2026-03-07,501776323133,短视频,新年哪能少的了国风抱枕啊!!!,6,0,0.00,0,,0.00,0,,0,0,0,0,
2026-03-07,501594849529,短视频,新年抱枕上新~恭喜发财，共贺新春!,5,0,0.00,0,,0.00,0,,3,0,0,0,
2026-03-07,448976611292,短视频,新年氛围感\|新年宅家布置,3,0,0.00,0,,0.00,0,,0,0,0,0,
2026-03-07,447695134038,短视频,"日式棉麻蒲团,圆形胖墩墩,坐感舒适",252,10,5.85,0.03968,0.59,68.61,1,0.1,2,0,0,0,
2026-03-07,447047544009,短视频,忍不住分享一个超老实的坐垫！,3427,197,274.40,0.05748,1.39,637.51,23,0.11675,80,4,3,7,68.60
2026-03-07,446578190359,短视频,100%全棉沙发垫，新年宅家必备,31,5,6.10,0.16129,1.22,0.00,0,0,0,0,0,0,
2026-03-07,446577394488,短视频,新年宅家，少不了的躺平伴侣,143,6,12.07,0.04196,2.01,48.45,1,0.16667,1,0,0,0,
2026-03-07,446175681460,短视频,我为什么没有早点买这个沙发垫！！！,47,2,7.69,0.04255,3.85,0.00,0,0,21,0,0,0,
2026-03-07,445931457673,短视频,新年宅家，怎么少得了它！,70,1,2.95,0.01429,2.95,118.10,3,3,2,0,0,0,
